egu1000.fasta_00279	egu1000.fasta_00289	57.4	1407	590	6	13	1415	34	1434	0.0	1594.0	2029110	1.0935175146134202
egu1000.fasta_00289	egu1000.fasta_00279	57.4	1407	590	6	34	1434	13	1415	0.0	1599.0	2029110	1.0969476197408148
egu1000.fasta_00194	egu1000.fasta_00070	26.9	398	235	13	597	960	545	920	4.8499999999999996e-23	100.0	956475	0.09582927827981566
egu1000.fasta_00070	egu1000.fasta_00194	26.9	394	240	13	545	920	597	960	2.1399999999999997e-23	101.0	956475	0.09678757106261382
egu1000.fasta_00408	egu1000.fasta_00411	60.6	930	237	6	33	861	36	937	0.0	1064.0	918302	1.0382471174843022
egu1000.fasta_00411	egu1000.fasta_00408	59.8	955	253	7	13	937	8	861	0.0	1071.0	918302	1.0450776906256465
egu1000.fasta_00414	egu1000.fasta_00408	67.7	926	247	6	7	880	33	958	0.0	1233.0	878163	1.2272936631435527
egu1000.fasta_00408	egu1000.fasta_00414	67.4	933	252	6	33	965	7	887	0.0	1232.0	878163	1.2262982911539797
egu1000.fasta_00136	egu1000.fasta_00070	30.9	269	162	8	609	858	656	919	7.82e-27	112.0	854451	0.11284612607751496
egu1000.fasta_00070	egu1000.fasta_00136	30.9	269	162	8	656	919	609	858	7.96e-26	108.0	854451	0.10881590728903229
egu1000.fasta_00408	egu1000.fasta_00413	62.6	842	264	6	33	852	7	819	0.0	1039.0	853688	1.0472650421430365
egu1000.fasta_00413	egu1000.fasta_00408	62.8	843	261	7	7	819	33	852	0.0	1051.0	853688	1.0593604998001265
egu1000.fasta_00071	egu1000.fasta_00441	23.3	559	327	16	354	847	156	677	3.3899999999999996e-24	103.0	849060	0.10407045699773318
egu1000.fasta_00441	egu1000.fasta_00071	23.2	539	311	15	156	656	354	827	1.1300000000000001e-26	111.0	849060	0.11215359928881924
egu1000.fasta_00408	egu1000.fasta_00410	60.3	885	283	11	33	890	7	850	0.0	1003.0	843898	1.016174223786936
egu1000.fasta_00410	egu1000.fasta_00408	60.3	885	283	11	7	850	33	890	0.0	1009.0	843898	1.0222530327029096
egu1000.fasta_00414	egu1000.fasta_00411	73.3	819	190	3	2	791	31	849	0.0	1183.0	841386	1.2001274301712834
egu1000.fasta_00411	egu1000.fasta_00414	73.3	819	190	3	31	849	2	791	0.0	1186.0	841386	1.203170864060137
egu1000.fasta_00413	egu1000.fasta_00411	83.8	841	135	1	2	841	31	871	0.0	1389.0	817936	1.4269228986537705
egu1000.fasta_00411	egu1000.fasta_00413	85.4	821	119	1	31	851	2	821	0.0	1382.0	817936	1.4197317825338451
egu1000.fasta_00411	egu1000.fasta_00410	73.3	851	218	4	31	879	2	845	0.0	1202.0	808556	1.2411632596519817
egu1000.fasta_00410	egu1000.fasta_00411	73.0	857	222	4	2	851	31	885	0.0	1204.0	808556	1.243228423145579
egu1000.fasta_00408	egu1000.fasta_00412	62.4	852	263	8	33	862	7	823	0.0	1031.0	807675	1.0651076998919748
egu1000.fasta_00412	egu1000.fasta_00408	62.4	852	263	8	7	823	33	862	0.0	1044.0	807675	1.0785377678828534
egu1000.fasta_00420	egu1000.fasta_00417	79.0	879	167	5	36	908	1	867	0.0	1353.0	788970	1.4123915468769475
egu1000.fasta_00417	egu1000.fasta_00420	79.0	878	166	5	1	866	36	907	0.0	1348.0	788970	1.4071720659202698
egu1000.fasta_00420	egu1000.fasta_00419	79.8	877	161	5	36	908	1	865	0.0	1365.0	787150	1.4263815419364674
egu1000.fasta_00419	egu1000.fasta_00420	79.8	877	161	5	1	865	36	908	0.0	1361.0	787150	1.4222016692861041
egu1000.fasta_00414	egu1000.fasta_00413	72.6	820	195	4	1	791	1	819	0.0	1184.0	782184	1.2407271142738618
egu1000.fasta_00413	egu1000.fasta_00414	72.6	820	195	4	1	819	1	791	0.0	1191.0	782184	1.2480624941724403
egu1000.fasta_00412	egu1000.fasta_00411	75.1	819	197	3	2	813	31	849	0.0	1222.0	773850	1.2866584222563113
egu1000.fasta_00411	egu1000.fasta_00412	75.1	819	197	3	31	849	2	813	0.0	1215.0	773850	1.2792880384954324
egu1000.fasta_00414	egu1000.fasta_00410	72.0	826	195	6	1	797	1	819	0.0	1154.0	773214	1.2155044737504508
egu1000.fasta_00410	egu1000.fasta_00414	72.0	826	195	6	1	819	1	797	0.0	1157.0	773214	1.2186643640634935
egu1000.fasta_00448	egu1000.fasta_00070	33.5	281	173	5	459	730	638	913	1.44e-39	152.0	766161	0.1607544384172256
egu1000.fasta_00070	egu1000.fasta_00448	33.5	281	173	5	638	913	459	730	3.0399999999999997e-38	148.0	766161	0.15652405845887754
egu1000.fasta_00413	egu1000.fasta_00410	71.3	867	239	4	1	863	1	861	0.0	1207.0	751664	1.2874004810534978
egu1000.fasta_00410	egu1000.fasta_00413	74.2	819	205	2	1	813	1	819	0.0	1200.0	751664	1.2799341982304866
egu1000.fasta_00417	egu1000.fasta_00419	89.4	867	90	2	1	867	1	865	0.0	1520.0	749955	1.6228908492159873
egu1000.fasta_00419	egu1000.fasta_00417	89.4	867	90	2	1	865	1	867	0.0	1522.0	749955	1.625026231912324
egu1000.fasta_00070	egu1000.fasta_00211	39.4	277	161	2	642	912	444	719	3.81e-51	187.0	745560	0.20018049147058356
egu1000.fasta_00211	egu1000.fasta_00070	39.4	277	161	2	444	719	642	912	2.2e-51	188.0	745560	0.20125097538219094
egu1000.fasta_00412	egu1000.fasta_00414	71.1	830	204	6	1	823	1	801	0.0	1164.0	740025	1.2501765566588758
egu1000.fasta_00414	egu1000.fasta_00412	71.1	830	204	6	1	801	1	823	0.0	1155.0	740025	1.2405102430764618
egu1000.fasta_00413	egu1000.fasta_00412	74.2	824	204	3	1	821	1	818	0.0	1222.0	719400	1.3290619372210157
egu1000.fasta_00412	egu1000.fasta_00413	74.4	819	204	2	1	813	1	819	0.0	1221.0	719400	1.3279743251610967
egu1000.fasta_00180	egu1000.fasta_00070	39.9	291	155	7	425	714	646	917	7.98e-53	192.0	715149	0.20937225336587575
egu1000.fasta_00070	egu1000.fasta_00180	39.7	295	158	7	642	917	421	714	1.0699999999999998e-52	192.0	715149	0.20937225336587575
egu1000.fasta_00070	egu1000.fasta_00209	40.3	293	167	3	641	926	412	703	9.07e-55	198.0	713187	0.21617891379357032
egu1000.fasta_00209	egu1000.fasta_00070	40.3	293	167	3	412	703	641	926	3.7e-55	199.0	713187	0.21727072648949744
egu1000.fasta_00410	egu1000.fasta_00412	87.0	820	107	0	1	820	1	820	0.0	1407.0	711150	1.5381344313986551
egu1000.fasta_00412	egu1000.fasta_00410	87.0	820	107	0	1	820	1	820	0.0	1414.0	711150	1.5457868415051161
egu1000.fasta_00136	egu1000.fasta_00448	30.8	286	167	10	597	861	465	740	5.9500000000000004e-27	112.0	680251	0.12487972188563869
egu1000.fasta_00448	egu1000.fasta_00136	30.8	286	167	10	465	740	597	861	1.3300000000000001e-27	114.0	680251	0.1271097169193108
egu1000.fasta_00376	egu1000.fasta_00380	90.1	819	80	1	1	819	1	818	0.0	1497.0	669942	1.6805176053005917
egu1000.fasta_00380	egu1000.fasta_00376	90.1	819	80	1	1	818	1	819	0.0	1498.0	669942	1.6816401955512936
egu1000.fasta_00423	egu1000.fasta_00420	81.7	727	131	1	1	725	181	907	0.0	1213.0	660660	1.370171327160531
egu1000.fasta_00420	egu1000.fasta_00423	81.6	728	132	1	181	908	1	726	0.0	1214.0	660660	1.3713008995654448
egu1000.fasta_00409	egu1000.fasta_00408	52.3	831	190	5	1	632	43	866	3.85e-278	784.0	652993	0.8901908029951302
egu1000.fasta_00408	egu1000.fasta_00409	52.3	831	190	5	43	866	1	632	6.270000000000001e-272	768.0	652993	0.8720236437503316
egu1000.fasta_00365	egu1000.fasta_00376	29.7	669	412	17	45	684	110	749	4.51e-88	290.0	638001	0.3326962809983992
egu1000.fasta_00376	egu1000.fasta_00365	29.8	664	408	17	110	744	45	679	1.2899999999999999e-89	295.0	638001	0.33843242377423366
egu1000.fasta_00365	egu1000.fasta_00380	28.4	668	422	15	45	684	109	748	2.72e-81	272.0	637222	0.312215643225671
egu1000.fasta_00380	egu1000.fasta_00365	28.6	669	418	16	109	747	45	683	2.14e-82	275.0	637222	0.31565919811418947
egu1000.fasta_00180	egu1000.fasta_00136	29.8	285	159	8	435	702	609	869	1.4e-23	100.0	634959	0.11496679223450669
egu1000.fasta_00136	egu1000.fasta_00180	29.7	283	153	8	609	852	435	710	2.4e-24	103.0	634959	0.1184157960015419
egu1000.fasta_00423	egu1000.fasta_00417	89.0	727	79	1	1	726	141	867	0.0	1308.0	629442	1.5096090225112302
egu1000.fasta_00417	egu1000.fasta_00423	89.0	727	79	1	141	867	1	726	0.0	1306.0	629442	1.5073007518346075
egu1000.fasta_00423	egu1000.fasta_00419	87.2	726	93	0	1	726	140	865	0.0	1295.0	627990	1.4961400650344714
egu1000.fasta_00419	egu1000.fasta_00423	87.2	726	93	0	140	865	1	726	0.0	1292.0	627990	1.4926741034938509
egu1000.fasta_00049	egu1000.fasta_00070	34.9	298	182	5	321	610	638	931	1.15e-50	184.0	627840	0.2126015441194809
egu1000.fasta_00070	egu1000.fasta_00049	34.9	298	182	5	638	931	321	610	1.05e-49	181.0	627840	0.2091352145957937
egu1000.fasta_00409	egu1000.fasta_00411	56.1	852	179	5	1	663	46	891	9.229999999999999e-300	837.0	625646	0.9686116776086491
egu1000.fasta_00411	egu1000.fasta_00409	58.0	812	148	3	46	852	1	624	4.53e-295	826.0	625646	0.9558820139841627
egu1000.fasta_00194	egu1000.fasta_00049	24.1	241	160	7	719	947	360	589	4.59e-13	67.4	624000	0.07808949043315018
egu1000.fasta_00049	egu1000.fasta_00194	24.5	241	159	8	360	589	719	947	1.93e-14	71.2	624000	0.08249216200059781
egu1000.fasta_00366	egu1000.fasta_00376	28.8	590	339	16	62	587	122	694	2.9599999999999997e-67	233.0	623259	0.27009587178995764
egu1000.fasta_00376	egu1000.fasta_00366	28.6	590	340	16	122	694	62	587	8.189999999999999e-67	231.0	623259	0.26777745228961464
egu1000.fasta_00366	egu1000.fasta_00380	29.5	498	282	12	62	501	121	607	2.31e-62	219.0	622498	0.25400481363119565
egu1000.fasta_00380	egu1000.fasta_00366	29.5	498	282	12	121	607	62	501	4.62e-62	218.0	622498	0.25284497429954633
egu1000.fasta_00070	egu1000.fasta_00447	28.5	425	275	14	529	937	202	613	2.5799999999999998e-39	150.0	619011	0.17441076544689357
egu1000.fasta_00447	egu1000.fasta_00070	28.9	415	266	15	202	603	529	927	1.26e-38	147.0	619011	0.17092255013795568
egu1000.fasta_00365	egu1000.fasta_00364	52.1	758	341	13	33	779	40	786	5.56e-279	783.0	614631	0.913301836973172
egu1000.fasta_00364	egu1000.fasta_00365	52.7	746	331	13	52	786	45	779	6.07e-281	788.0	614631	0.9191339048976496
egu1000.fasta_00376	egu1000.fasta_00369	28.7	662	410	17	118	744	12	646	1.2400000000000001e-75	256.0	610974	0.29939486264792553
egu1000.fasta_00369	egu1000.fasta_00376	29.0	666	413	17	12	651	118	749	4.29e-76	257.0	610974	0.30056437383014395
egu1000.fasta_00369	egu1000.fasta_00380	27.4	667	422	16	12	651	117	748	3.6999999999999997e-69	238.0	610228	0.2784948333311649
egu1000.fasta_00380	egu1000.fasta_00369	27.7	665	413	18	121	747	16	650	1.4399999999999999e-68	236.0	610228	0.2761545406140963
egu1000.fasta_00364	egu1000.fasta_00366	47.9	764	340	15	40	787	34	755	3.63e-244	694.0	600429	0.8179450276163746
egu1000.fasta_00366	egu1000.fasta_00364	47.9	775	345	17	23	755	30	787	1.08e-245	698.0	600429	0.822659408179005
egu1000.fasta_00409	egu1000.fasta_00414	58.1	826	157	4	1	651	17	828	4.57e-315	875.0	598299	1.0329007786173245
egu1000.fasta_00414	egu1000.fasta_00409	58.2	823	155	4	17	825	1	648	2.17e-310	863.0	598299	1.0187352822248585
egu1000.fasta_00367	egu1000.fasta_00376	91.9	731	51	3	1	726	92	819	0.0	1367.0	594594	1.61814708137945
egu1000.fasta_00376	egu1000.fasta_00367	91.9	731	51	3	92	819	1	726	0.0	1365.0	594594	1.6157796386854053
egu1000.fasta_00380	egu1000.fasta_00367	89.1	731	72	3	91	818	1	726	0.0	1324.0	593868	1.5680982551612783
egu1000.fasta_00367	egu1000.fasta_00380	89.1	731	72	3	1	726	91	818	0.0	1326.0	593868	1.570466983643395
egu1000.fasta_00211	egu1000.fasta_00448	37.3	327	167	11	440	743	459	770	2.09e-45	169.0	593560	0.20020370827170153
egu1000.fasta_00448	egu1000.fasta_00211	38.3	295	160	9	459	738	440	727	2.03e-46	172.0	593560	0.203757620252856
egu1000.fasta_00365	egu1000.fasta_00366	69.5	778	191	12	13	779	12	754	0.0	1034.0	592819	1.2255952045161127
egu1000.fasta_00366	egu1000.fasta_00365	69.5	778	191	12	12	754	13	779	0.0	1040.0	592819	1.2327069755287787
egu1000.fasta_00369	egu1000.fasta_00364	51.6	754	333	17	4	746	54	786	7.06e-266	749.0	588594	0.89061256332731
egu1000.fasta_00364	egu1000.fasta_00369	51.6	754	333	17	54	786	4	746	8.55e-265	746.0	588594	0.8870453567986292
egu1000.fasta_00413	egu1000.fasta_00409	56.5	794	154	3	17	807	1	606	3.15e-286	801.0	581624	0.9574998443132603
egu1000.fasta_00409	egu1000.fasta_00413	56.5	797	156	3	1	609	17	810	1.48e-287	804.0	581624	0.9610859860522613
egu1000.fasta_00365	egu1000.fasta_00369	84.9	746	103	6	44	779	1	746	0.0	1273.0	581134	1.5222895678088784
egu1000.fasta_00369	egu1000.fasta_00365	84.9	746	103	6	1	746	44	779	0.0	1281.0	581134	1.531856195100686
egu1000.fasta_00409	egu1000.fasta_00410	54.0	847	192	6	1	659	17	853	8.5e-282	789.0	574954	0.9480022784894457
egu1000.fasta_00410	egu1000.fasta_00409	55.3	814	167	5	17	821	1	626	1.5400000000000001e-276	776.0	574954	0.9323824690846766
egu1000.fasta_00448	egu1000.fasta_00180	29.5	329	185	13	456	755	415	725	9.260000000000001e-31	123.0	569349	0.14843225251571435
egu1000.fasta_00180	egu1000.fasta_00448	31.9	279	154	10	435	706	477	726	4.41e-29	118.0	569349	0.14239842111263654
egu1000.fasta_00448	egu1000.fasta_00209	37.3	303	168	8	459	746	409	704	6.9e-46	170.0	567787	0.20540089407445325
egu1000.fasta_00209	egu1000.fasta_00448	37.6	290	161	6	407	691	457	731	3.79e-45	167.0	567787	0.20177617241431584
egu1000.fasta_00366	egu1000.fasta_00369	71.8	749	169	8	45	754	1	746	0.0	1060.0	567706	1.2808161937253582
egu1000.fasta_00369	egu1000.fasta_00366	71.8	749	169	8	1	746	45	754	0.0	1061.0	567706	1.28202451088925
egu1000.fasta_00367	egu1000.fasta_00365	29.0	686	411	18	19	664	45	694	1.75e-87	286.0	565554	0.3461624864427883
egu1000.fasta_00365	egu1000.fasta_00367	28.9	684	414	17	45	694	19	664	7e-86	282.0	565554	0.3413210530659661
egu1000.fasta_00180	egu1000.fasta_00211	34.0	282	165	7	431	708	454	718	2.37e-37	144.0	554040	0.17589213429633882
egu1000.fasta_00211	egu1000.fasta_00180	34.6	283	162	8	454	718	431	708	2.47e-37	144.0	554040	0.17589213429633882
egu1000.fasta_00209	egu1000.fasta_00211	73.6	723	166	9	19	719	34	753	0.0	1036.0	552520	1.2669921487828004
egu1000.fasta_00211	egu1000.fasta_00209	73.3	726	169	9	34	756	19	722	0.0	1040.0	552520	1.2718840103611122
egu1000.fasta_00367	egu1000.fasta_00366	28.5	590	337	14	31	599	62	587	9.22e-67	229.0	552486	0.2800667346834731
egu1000.fasta_00366	egu1000.fasta_00367	28.5	590	337	14	62	587	31	599	9.659999999999999e-67	229.0	552486	0.2800667346834731
egu1000.fasta_00088	egu1000.fasta_00087	76.8	751	132	10	9	731	10	746	0.0	1063.0	552013	1.300542715132174
egu1000.fasta_00087	egu1000.fasta_00088	76.8	751	132	10	10	746	9	731	0.0	1062.0	552013	1.2993192506776754
egu1000.fasta_00409	egu1000.fasta_00412	55.4	811	165	5	1	623	17	818	4.5099999999999997e-290	808.0	550275	0.9899456607483667
egu1000.fasta_00412	egu1000.fasta_00409	55.1	816	169	5	17	823	1	628	3.67e-288	804.0	550275	0.985044939655553
egu1000.fasta_00257	egu1000.fasta_00307	47.0	491	238	5	37	525	37	507	9.569999999999999e-138	418.0	544101	0.5146998424708552
egu1000.fasta_00307	egu1000.fasta_00257	47.0	491	238	5	37	507	37	525	5.79e-140	424.0	544101	0.5220878784871833
egu1000.fasta_00369	egu1000.fasta_00367	28.2	696	421	18	12	676	27	674	4.39e-76	255.0	541596	0.3146361210889155
egu1000.fasta_00367	egu1000.fasta_00369	28.3	699	416	20	27	674	12	676	1.13e-75	254.0	541596	0.31340225394739035
egu1000.fasta_00180	egu1000.fasta_00209	31.7	363	207	9	370	713	353	693	3.5099999999999997e-40	152.0	529983	0.1893631677467709
egu1000.fasta_00209	egu1000.fasta_00180	33.0	303	180	6	409	695	420	715	4.68e-40	152.0	529983	0.1893631677467709
egu1000.fasta_00049	egu1000.fasta_00448	32.1	327	194	8	321	638	459	766	8.77e-45	165.0	499840	0.21097830741799614
egu1000.fasta_00448	egu1000.fasta_00049	32.1	327	194	8	459	766	321	638	4.3599999999999996e-45	166.0	499840	0.21225696382659007
egu1000.fasta_00447	egu1000.fasta_00448	25.0	352	229	11	289	623	438	771	1.38e-18	84.3	492811	0.10847130668681057
egu1000.fasta_00448	egu1000.fasta_00447	24.9	329	212	11	461	771	312	623	7.43e-19	85.5	492811	0.11001538222683635
egu1000.fasta_00324	egu1000.fasta_00070	38.6	285	164	5	202	484	643	918	2.14e-51	182.0	490500	0.2346745046185535
egu1000.fasta_00070	egu1000.fasta_00324	37.8	294	172	5	634	918	193	484	7.7e-51	182.0	490500	0.2346745046185535
egu1000.fasta_00194	egu1000.fasta_00324	24.6	252	165	7	727	963	248	489	2.25e-14	71.2	487500	0.0920573812344254
egu1000.fasta_00324	egu1000.fasta_00194	25.0	244	158	6	256	489	735	963	5.36e-16	75.5	487500	0.0976170264494258
egu1000.fasta_00211	egu1000.fasta_00049	35.7	300	182	4	425	719	301	594	1.69e-49	179.0	486400	0.23166885414144248
egu1000.fasta_00049	egu1000.fasta_00211	35.6	312	188	5	321	619	440	751	5.6700000000000005e-50	180.0	486400	0.2329630935500539
egu1000.fasta_00376	egu1000.fasta_00378	91.4	582	50	0	94	675	4	585	0.0	1092.0	482391	1.4185173658545396
egu1000.fasta_00378	egu1000.fasta_00376	91.4	582	50	0	4	585	94	675	0.0	1092.0	482391	1.4185173658545396
egu1000.fasta_00380	egu1000.fasta_00378	95.2	583	28	0	92	674	3	585	0.0	1084.0	481802	1.4088900679000922
egu1000.fasta_00378	egu1000.fasta_00380	95.2	583	28	0	3	585	92	674	0.0	1086.0	481802	1.4114894960696496
egu1000.fasta_00180	egu1000.fasta_00049	31.1	379	224	9	339	715	257	600	1.68e-49	179.0	466560	0.23599641431405532
egu1000.fasta_00049	egu1000.fasta_00180	34.0	291	169	6	331	600	427	715	3.71e-49	177.0	466560	0.23335958286920555
egu1000.fasta_00209	egu1000.fasta_00049	34.6	286	180	3	407	692	319	597	4.8099999999999994e-48	174.0	465280	0.22968459259127513
egu1000.fasta_00049	egu1000.fasta_00209	33.4	311	197	4	319	619	407	717	1.69e-48	176.0	465280	0.23232464537968062
egu1000.fasta_00378	egu1000.fasta_00365	32.8	509	304	13	20	518	45	525	6.3800000000000005e-86	278.0	458831	0.3692506796390206
egu1000.fasta_00365	egu1000.fasta_00378	32.8	509	304	13	45	525	20	518	1.22e-83	273.0	458831	0.36260948036493745
egu1000.fasta_00368	egu1000.fasta_00376	90.0	570	28	5	16	559	36	602	0.0	1031.0	457821	1.3707570833912548
egu1000.fasta_00376	egu1000.fasta_00368	90.2	569	27	5	37	602	17	559	0.0	1028.0	457821	1.3667684594822598
egu1000.fasta_00380	egu1000.fasta_00368	87.7	569	40	6	37	601	17	559	0.0	1007.0	457262	1.3395752374528003
egu1000.fasta_00368	egu1000.fasta_00380	87.7	569	40	6	17	559	37	601	0.0	1008.0	457262	1.3409055008464972
egu1000.fasta_00366	egu1000.fasta_00378	30.1	498	279	12	62	501	32	518	2.06e-67	228.0	448229	0.30600141270929504
egu1000.fasta_00378	egu1000.fasta_00366	30.3	498	278	12	32	518	62	501	8.019999999999999e-67	226.0	448229	0.3033171897907925
egu1000.fasta_00179	egu1000.fasta_00392	35.5	521	329	6	85	601	165	682	4.3599999999999994e-104	326.0	442380	0.44008984421936553
egu1000.fasta_00392	egu1000.fasta_00179	35.9	515	323	6	165	676	85	595	5.6e-103	323.0	442380	0.4360399376774695
egu1000.fasta_00070	egu1000.fasta_00089	29.5	275	174	8	654	917	172	437	5.6e-22	94.7	440469	0.12808824932670393
egu1000.fasta_00089	egu1000.fasta_00070	29.3	276	175	8	172	438	654	918	1.92e-22	95.1	440469	0.12862927677898145
egu1000.fasta_00369	egu1000.fasta_00378	29.7	576	365	13	12	562	28	588	4.74e-71	238.0	439394	0.32226110716950085
egu1000.fasta_00378	egu1000.fasta_00369	29.8	577	363	14	28	588	12	562	9.95e-71	237.0	439394	0.32090706890408277
egu1000.fasta_00136	egu1000.fasta_00324	37.2	196	111	7	608	794	214	406	2.87e-29	117.0	435500	0.15905044885643138
egu1000.fasta_00324	egu1000.fasta_00136	37.2	196	111	7	214	406	608	794	1.2300000000000001e-29	117.0	435500	0.15905044885643138
egu1000.fasta_00368	egu1000.fasta_00365	31.6	488	302	10	91	559	45	519	1.67e-78	258.0	435461	0.35074059012054626
egu1000.fasta_00365	egu1000.fasta_00368	31.6	488	302	10	45	519	91	559	1.21e-76	253.0	435461	0.34394329186239614
egu1000.fasta_00070	egu1000.fasta_00496	37.6	298	165	8	647	928	104	396	6.400000000000001e-47	169.0	427716	0.23158835089219396
egu1000.fasta_00496	egu1000.fasta_00070	37.6	298	165	8	104	396	647	928	9.58e-47	167.0	427716	0.22884766034909107
egu1000.fasta_00367	egu1000.fasta_00378	88.9	584	59	2	2	580	3	585	0.0	1063.0	427614	1.4568314329363374
egu1000.fasta_00378	egu1000.fasta_00367	88.9	584	59	2	3	585	2	580	0.0	1062.0	427614	1.4554609424067644
egu1000.fasta_00366	egu1000.fasta_00368	32.3	406	241	8	62	455	103	486	2.33e-62	214.0	425399	0.2939626628642206
egu1000.fasta_00368	egu1000.fasta_00366	32.0	406	242	8	103	486	62	455	1.8e-63	216.0	425399	0.2967099774704283
egu1000.fasta_00496	egu1000.fasta_00194	27.9	244	156	8	153	387	727	959	2.97e-20	88.2	425100	0.12119443869011273
egu1000.fasta_00194	egu1000.fasta_00496	27.9	244	156	8	727	959	153	387	6.56e-19	85.1	425100	0.11693477021007474
egu1000.fasta_00369	egu1000.fasta_00368	30.6	487	300	10	12	486	99	559	2.13e-65	222.0	417014	0.3076619066858153
egu1000.fasta_00368	egu1000.fasta_00369	30.3	488	300	11	99	559	12	486	1.15e-65	222.0	417014	0.3076619066858153
egu1000.fasta_00368	egu1000.fasta_00367	89.8	511	27	1	74	559	2	512	0.0	950.0	405834	1.3325682425373657
egu1000.fasta_00367	egu1000.fasta_00368	89.8	511	27	1	2	512	74	559	0.0	951.0	405834	1.3339709459505629
egu1000.fasta_00251	egu1000.fasta_00392	32.2	538	354	6	22	555	118	648	3.23e-96	303.0	405150	0.4253378736581678
egu1000.fasta_00392	egu1000.fasta_00251	32.2	538	354	6	118	648	22	555	1.04e-97	308.0	405150	0.43235665045120686
egu1000.fasta_00447	egu1000.fasta_00049	28.8	319	194	11	264	574	287	580	3.2999999999999996e-30	120.0	403840	0.16869326739418566
egu1000.fasta_00049	egu1000.fasta_00447	29.2	257	167	7	334	580	323	574	7.92e-30	119.0	403840	0.1672874901659008
egu1000.fasta_00477	egu1000.fasta_00179	30.8	506	340	4	49	553	105	601	7.03e-87	278.0	393294	0.39542902623884063
egu1000.fasta_00179	egu1000.fasta_00477	30.8	506	340	4	105	601	49	553	4.47e-88	281.0	393294	0.39969624594645403
egu1000.fasta_00324	egu1000.fasta_00448	37.4	286	162	5	197	479	459	730	6.06e-47	169.0	390500	0.2411495715183606
egu1000.fasta_00448	egu1000.fasta_00324	37.4	286	162	5	459	730	197	479	1.09e-47	171.0	390500	0.24400341260141814
egu1000.fasta_00324	egu1000.fasta_00211	36.3	295	183	4	197	489	440	731	1.08e-52	185.0	380000	0.2671974310670203
egu1000.fasta_00211	egu1000.fasta_00324	36.3	295	183	4	440	731	197	489	4.2099999999999995e-52	184.0	380000	0.2657531206288202
egu1000.fasta_00180	egu1000.fasta_00324	32.4	290	171	7	432	714	212	483	7.740000000000001e-44	160.0	364500	0.23540641116201835
egu1000.fasta_00324	egu1000.fasta_00180	32.4	290	171	7	212	483	432	714	2.11e-44	161.0	364500	0.23687770123178098
egu1000.fasta_00209	egu1000.fasta_00324	35.4	305	187	6	409	705	197	499	3.72e-51	181.0	363500	0.2666288382011817
egu1000.fasta_00324	egu1000.fasta_00209	36.5	288	178	5	197	482	409	693	3.51e-51	180.0	363500	0.2651557506973078
egu1000.fasta_00251	egu1000.fasta_00477	30.7	462	306	4	102	555	63	518	2.76e-84	270.0	360195	0.39935138419046173
egu1000.fasta_00477	egu1000.fasta_00251	30.7	462	306	4	63	518	102	555	4.08e-86	275.0	360195	0.4067467801939888
egu1000.fasta_00477	egu1000.fasta_00252	29.8	500	304	5	67	531	15	502	2.5900000000000002e-80	259.0	349811	0.38809421051167703
egu1000.fasta_00252	egu1000.fasta_00477	30.6	470	286	4	38	502	97	531	1.15e-79	257.0	349811	0.38509734402123935
egu1000.fasta_00496	egu1000.fasta_00448	35.6	331	158	10	95	405	459	754	5.0200000000000004e-49	173.0	340516	0.26235018627603923
egu1000.fasta_00448	egu1000.fasta_00496	35.6	331	158	10	459	754	95	405	3.92e-50	177.0	340516	0.2684160865367569
egu1000.fasta_00207	egu1000.fasta_00208	54.8	609	208	6	12	596	2	567	4.11e-224	628.0	340290	0.9526273787114972
egu1000.fasta_00208	egu1000.fasta_00207	55.0	609	207	7	2	567	12	596	5.1700000000000005e-227	635.0	340290	0.9632458367544597
egu1000.fasta_00049	egu1000.fasta_00108	24.0	204	138	5	291	480	42	242	4.07e-11	60.1	339200	0.09129712734403392
egu1000.fasta_00179	egu1000.fasta_00251	34.4	456	292	3	118	567	101	555	1.73e-93	293.0	336330	0.44677644149199836
egu1000.fasta_00179	egu1000.fasta_00117	33.9	495	284	6	144	595	39	533	5.509999999999999e-91	286.0	336330	0.4361026015928721
egu1000.fasta_00251	egu1000.fasta_00179	34.4	456	292	3	101	555	118	567	3.85e-90	284.0	336330	0.4330529330502646
egu1000.fasta_00117	egu1000.fasta_00179	33.9	495	284	6	39	533	144	595	3.85e-90	284.0	336330	0.4330529330502646
egu1000.fasta_00496	egu1000.fasta_00211	38.0	334	179	8	77	396	426	745	1.01e-54	189.0	331360	0.2901067527651287
egu1000.fasta_00211	egu1000.fasta_00496	38.0	334	179	8	426	745	77	396	4.93e-55	190.0	331360	0.29164170912896537
egu1000.fasta_00378	egu1000.fasta_00368	90.8	513	21	2	1	512	72	559	0.0	956.0	329251	1.4715881598168707
egu1000.fasta_00368	egu1000.fasta_00378	90.8	513	21	2	72	559	1	512	0.0	956.0	329251	1.4715881598168707
egu1000.fasta_00252	egu1000.fasta_00179	32.4	490	296	3	31	519	142	597	2.3899999999999998e-95	297.0	326634	0.4588017479055977
egu1000.fasta_00179	egu1000.fasta_00252	32.4	490	296	3	142	597	31	519	4.54e-97	302.0	326634	0.46652568305552355
egu1000.fasta_00049	egu1000.fasta_00324	38.7	300	176	5	320	611	196	495	2.37e-66	221.0	320000	0.3445254197168052
egu1000.fasta_00324	egu1000.fasta_00049	39.0	295	172	5	196	490	320	606	9.67e-66	219.0	320000	0.3414075426152957
egu1000.fasta_00496	egu1000.fasta_00180	36.2	301	167	7	105	389	427	718	1.84e-49	174.0	317844	0.2720714905097782
egu1000.fasta_00180	egu1000.fasta_00496	36.2	301	167	7	427	718	105	389	3.08e-49	174.0	317844	0.2720714905097782
egu1000.fasta_00209	egu1000.fasta_00496	39.9	303	159	9	409	697	95	388	4.9e-56	192.0	316972	0.30058358364040594
egu1000.fasta_00496	egu1000.fasta_00209	39.9	303	159	9	95	388	409	697	1.47e-55	191.0	316972	0.29901804414227884
egu1000.fasta_00340	egu1000.fasta_00315	53.5	563	239	8	16	562	5	560	1.01e-206	582.0	316968	0.9111490979076432
egu1000.fasta_00315	egu1000.fasta_00340	53.3	565	241	8	3	560	14	562	1.6399999999999998e-205	579.0	316968	0.9064524530730678
egu1000.fasta_00324	egu1000.fasta_00447	26.0	319	216	6	176	482	282	592	1.6300000000000002e-32	125.0	315500	0.19609767627674324
egu1000.fasta_00447	egu1000.fasta_00324	26.0	319	216	6	282	592	176	482	8.43e-33	127.0	315500	0.19923523909717114
egu1000.fasta_00340	egu1000.fasta_00344	77.4	549	116	4	20	564	15	559	3.68e-314	855.0	315276	1.3417315444852025
egu1000.fasta_00344	egu1000.fasta_00340	77.4	549	116	4	15	559	20	564	1.72e-312	850.0	315276	1.3338851611841194
egu1000.fasta_00344	egu1000.fasta_00315	53.2	564	240	7	9	557	6	560	2.24e-204	576.0	314158	0.9053315185716487
egu1000.fasta_00315	egu1000.fasta_00344	53.2	564	240	7	6	560	9	557	5.5699999999999995e-205	578.0	314158	0.9084750307889115
egu1000.fasta_00340	egu1000.fasta_00349	71.9	549	147	4	20	564	11	556	6.5e-286	783.0	313584	1.2316856661835194
egu1000.fasta_00349	egu1000.fasta_00340	71.9	549	147	4	11	556	20	564	5.2299999999999995e-285	781.0	313584	1.2285395980706624
egu1000.fasta_00315	egu1000.fasta_00349	54.4	559	232	8	11	560	10	554	8.190000000000001e-209	587.0	312472	0.9248299121654262
egu1000.fasta_00349	egu1000.fasta_00315	54.4	559	232	8	10	554	11	560	1.4200000000000001e-209	589.0	312472	0.927980951048443
egu1000.fasta_00349	egu1000.fasta_00344	70.1	551	158	5	9	556	13	559	6.44e-280	768.0	310804	1.2128805657922923
egu1000.fasta_00344	egu1000.fasta_00349	70.1	551	158	5	13	559	9	556	5.29e-279	765.0	310804	1.2081427510821663
egu1000.fasta_00117	egu1000.fasta_00251	24.3	493	294	8	38	492	25	476	2.59e-39	145.0	308025	0.22991024653948758
egu1000.fasta_00251	egu1000.fasta_00117	24.3	493	294	8	25	476	38	492	4.7999999999999997e-39	145.0	308025	0.22991024653948758
egu1000.fasta_00477	egu1000.fasta_00444	30.9	398	228	6	159	512	67	461	1.2499999999999999e-55	191.0	304381	0.30445326000759054
egu1000.fasta_00444	egu1000.fasta_00477	30.9	398	228	6	67	461	159	512	1.2499999999999999e-55	191.0	304381	0.30445326000759054
egu1000.fasta_00252	egu1000.fasta_00117	37.2	511	305	7	23	520	29	536	5.79e-93	290.0	299145	0.46583733537314526
egu1000.fasta_00251	egu1000.fasta_00252	27.5	491	317	5	96	554	5	488	4.55e-69	227.0	299145	0.3646381901024275
egu1000.fasta_00117	egu1000.fasta_00252	36.8	513	304	7	29	536	23	520	1.53e-93	291.0	299145	0.467443671012363
egu1000.fasta_00252	egu1000.fasta_00251	27.5	491	317	5	5	488	96	554	1.16e-69	228.0	299145	0.36624452574164523
egu1000.fasta_00207	egu1000.fasta_00025	42.4	368	202	5	232	593	120	483	1.09e-98	304.0	291336	0.49410034929831664
egu1000.fasta_00025	egu1000.fasta_00207	44.1	347	184	5	141	483	253	593	5.800000000000001e-100	307.0	291336	0.49897633958744475
egu1000.fasta_00089	egu1000.fasta_00049	31.1	206	121	8	172	372	337	526	1.38e-17	79.7	287360	0.13033231436307685
egu1000.fasta_00049	egu1000.fasta_00089	31.1	206	121	8	337	526	172	372	3.49e-17	79.0	287360	0.12918761398598583
egu1000.fasta_00444	egu1000.fasta_00179	31.4	420	240	5	51	466	191	566	2.52e-61	205.0	284214	0.33687775713637336
egu1000.fasta_00179	egu1000.fasta_00444	31.4	420	240	5	191	566	51	466	4.45e-63	210.0	284214	0.34509428779823614
egu1000.fasta_00049	egu1000.fasta_00496	38.8	289	163	6	321	596	95	382	1.45e-61	206.0	279040	0.341296394958159
egu1000.fasta_00496	egu1000.fasta_00049	38.8	289	163	6	95	382	321	596	1.38e-60	203.0	279040	0.3363260591092537
egu1000.fasta_00208	egu1000.fasta_00025	45.1	348	181	5	223	564	140	483	9.79e-103	314.0	278160	0.5209592737523002
egu1000.fasta_00025	egu1000.fasta_00208	45.1	348	181	5	140	483	223	564	1.9299999999999997e-104	318.0	278160	0.5275956976217563
egu1000.fasta_00338	egu1000.fasta_00340	76.5	565	60	2	1	493	1	564	2.86e-310	842.0	278052	1.397208341466627
egu1000.fasta_00340	egu1000.fasta_00338	76.5	565	60	2	1	564	1	493	1.15e-310	843.0	278052	1.39886773379616
egu1000.fasta_00338	egu1000.fasta_00315	46.0	552	205	8	21	487	13	556	2.5900000000000002e-157	454.0	277066	0.7545544287330582
egu1000.fasta_00315	egu1000.fasta_00338	45.8	555	208	8	10	556	18	487	4.750000000000001e-156	451.0	277066	0.7495683862524433
egu1000.fasta_00338	egu1000.fasta_00344	65.1	550	111	6	20	493	15	559	4.36e-252	694.0	275587	1.156184760586656
egu1000.fasta_00344	egu1000.fasta_00338	64.7	555	115	6	10	559	15	493	1.1499999999999998e-250	691.0	275587	1.1511868437541488
egu1000.fasta_00447	egu1000.fasta_00496	30.5	226	134	6	311	518	91	311	2.2799999999999998e-24	100.0	275116	0.16672392204527672
egu1000.fasta_00496	egu1000.fasta_00447	30.7	225	133	6	91	310	311	517	1.18e-24	101.0	275116	0.16839116126572948
egu1000.fasta_00330	egu1000.fasta_00301	56.8	495	204	5	39	532	15	500	3.66e-207	580.0	274351	0.9681961372138547
egu1000.fasta_00301	egu1000.fasta_00330	56.6	498	200	5	15	500	39	532	3.46e-207	580.0	274351	0.9681961372138547
egu1000.fasta_00338	egu1000.fasta_00349	59.6	557	145	6	13	493	4	556	5.58e-228	633.0	274108	1.0570854375628533
egu1000.fasta_00349	egu1000.fasta_00338	59.6	557	145	6	4	556	13	493	8.929999999999999e-228	633.0	274108	1.0570854375628533
egu1000.fasta_00386	egu1000.fasta_00122	24.2	479	294	13	71	507	59	510	2.4400000000000002e-29	115.0	270364	0.19322292638178212
egu1000.fasta_00122	egu1000.fasta_00386	24.3	482	290	14	59	510	71	507	3.63e-28	112.0	270364	0.18818232830225737
egu1000.fasta_00122	egu1000.fasta_00348	22.5	479	338	13	42	507	33	491	4.28e-24	100.0	269838	0.16816541457637377
egu1000.fasta_00348	egu1000.fasta_00122	22.9	502	352	14	12	491	19	507	3.12e-24	100.0	269838	0.16816541457637377
egu1000.fasta_00387	egu1000.fasta_00122	25.2	465	283	16	89	507	75	520	1.92e-28	113.0	269312	0.19019177279655386
egu1000.fasta_00122	egu1000.fasta_00387	25.1	466	284	16	74	520	88	507	2.4600000000000002e-29	115.0	269312	0.1935579988637495
egu1000.fasta_00339	egu1000.fasta_00348	58.7	513	206	4	1	508	1	512	6.34e-218	607.0	265221	1.0286233245454517
egu1000.fasta_00348	egu1000.fasta_00339	58.7	513	206	4	1	512	1	508	1.1699999999999999e-220	614.0	265221	1.0404855375138506
egu1000.fasta_00341	egu1000.fasta_00339	49.9	493	233	9	15	499	19	505	5.500000000000001e-166	475.0	264187	0.8063344671532353
egu1000.fasta_00339	egu1000.fasta_00341	49.8	498	234	10	19	510	15	502	1.67e-162	466.0	264187	0.7910565509334898
egu1000.fasta_00387	egu1000.fasta_00386	81.7	514	92	2	1	512	1	514	7.35e-308	835.0	263168	1.4198876550179116
egu1000.fasta_00386	egu1000.fasta_00387	81.7	514	92	2	1	514	1	512	1.9e-310	841.0	263168	1.4300904405629504
egu1000.fasta_00348	egu1000.fasta_00341	46.8	504	253	9	10	509	7	499	1.4e-157	453.0	262143	0.7716474303042444
egu1000.fasta_00341	egu1000.fasta_00348	47.2	504	251	10	7	499	10	509	1.22e-158	456.0	262143	0.776757678187054
egu1000.fasta_00339	egu1000.fasta_00314	56.9	518	198	8	1	509	1	502	1.03e-207	581.0	261602	0.9905937371588083
egu1000.fasta_00314	egu1000.fasta_00339	57.1	517	199	7	1	502	1	509	7.6e-210	586.0	261602	0.9991186402324641
egu1000.fasta_00237	egu1000.fasta_00122	98.6	496	7	0	1	496	31	526	0.0	981.0	260896	1.6745959561204549
egu1000.fasta_00122	egu1000.fasta_00237	98.6	496	7	0	31	526	1	496	0.0	984.0	260896	1.679717044671282
egu1000.fasta_00444	egu1000.fasta_00251	32.9	240	157	2	231	466	315	554	4.08e-41	149.0	260295	0.2546082224573467
egu1000.fasta_00117	egu1000.fasta_00444	34.4	436	257	8	82	504	47	466	8.91e-57	192.0	260295	0.3280857631665139
egu1000.fasta_00251	egu1000.fasta_00444	25.3	431	261	7	172	554	49	466	1.13e-39	145.0	260295	0.2477731023913777
egu1000.fasta_00444	egu1000.fasta_00117	34.4	436	257	8	47	466	82	504	2.8099999999999997e-55	188.0	260295	0.32125064310054485
egu1000.fasta_00314	egu1000.fasta_00348	57.2	505	197	5	10	498	8	509	1.1500000000000002e-210	588.0	259578	1.005995108767951
egu1000.fasta_00348	egu1000.fasta_00314	57.2	505	197	5	8	509	10	498	4.09e-211	589.0	259578	1.0077059848032708
egu1000.fasta_00341	egu1000.fasta_00314	48.1	486	235	7	24	505	32	504	1.2e-159	458.0	258566	0.7849427073231382
egu1000.fasta_00314	egu1000.fasta_00341	47.4	504	248	7	14	504	6	505	9.61e-159	456.0	258566	0.7815150099112468
egu1000.fasta_00024	egu1000.fasta_00207	40.3	360	202	5	72	423	238	592	1.6e-90	281.0	256710	0.4831357973665688
egu1000.fasta_00207	egu1000.fasta_00024	40.2	361	203	5	238	593	72	424	1.58e-90	281.0	256710	0.4831357973665688
egu1000.fasta_00339	egu1000.fasta_00343	48.4	486	228	7	29	505	13	484	9.8e-158	453.0	256432	0.7792381871757804
egu1000.fasta_00343	egu1000.fasta_00339	48.1	486	229	7	13	484	29	505	5.52e-162	464.0	256432	0.7981600857606228
egu1000.fasta_00386	egu1000.fasta_00237	24.7	478	293	15	71	507	29	480	6.43e-29	114.0	254944	0.19660751174893545
egu1000.fasta_00237	egu1000.fasta_00386	24.3	478	295	15	29	480	71	507	1.65e-27	110.0	254944	0.18970900256476228
egu1000.fasta_00348	egu1000.fasta_00343	46.3	482	240	6	33	509	17	484	2.3299999999999997e-152	439.0	254448	0.7577669212329053
egu1000.fasta_00343	egu1000.fasta_00348	46.3	482	240	6	17	484	33	509	3.05e-155	447.0	254448	0.7715758856289492
egu1000.fasta_00348	egu1000.fasta_00237	22.2	473	336	12	39	491	17	477	4.81e-24	99.8	254448	0.1722668308406468
egu1000.fasta_00237	egu1000.fasta_00348	22.3	479	339	13	12	477	33	491	6.22e-24	99.4	254448	0.17157638262084463
egu1000.fasta_00387	egu1000.fasta_00237	26.0	465	279	17	89	507	45	490	1.9000000000000002e-29	115.0	253952	0.19867607153439978
egu1000.fasta_00237	egu1000.fasta_00387	26.2	466	279	18	44	490	88	507	5.53e-30	117.0	253952	0.202131307561085
egu1000.fasta_00343	egu1000.fasta_00341	83.5	498	70	3	7	496	18	511	5.45e-312	844.0	253456	1.4593770332856957
egu1000.fasta_00341	egu1000.fasta_00343	83.5	498	70	3	18	511	7	496	4.6e-311	842.0	253456	1.4559187938703266
egu1000.fasta_00444	egu1000.fasta_00252	37.2	427	249	5	47	467	76	489	1.51e-53	183.0	252791	0.3167985727329028
egu1000.fasta_00252	egu1000.fasta_00444	35.9	462	271	7	48	491	15	469	1.75e-54	186.0	252791	0.3219919919580323
egu1000.fasta_00379	egu1000.fasta_00339	34.5	458	255	11	29	458	37	477	1.62e-78	249.0	252296	0.431429443115785
egu1000.fasta_00339	egu1000.fasta_00379	34.7	461	250	12	37	477	29	458	1.97e-76	244.0	252296	0.4227662012861508
egu1000.fasta_00314	egu1000.fasta_00343	47.9	495	245	7	16	504	3	490	7.84e-162	463.0	250976	0.8040885585528205
egu1000.fasta_00343	egu1000.fasta_00314	47.7	497	247	7	1	490	14	504	7.26e-165	471.0	250976	0.8179820973615085
egu1000.fasta_00348	egu1000.fasta_00379	32.9	499	284	15	30	511	22	486	6.85e-76	242.0	250344	0.42075074812678037
egu1000.fasta_00379	egu1000.fasta_00348	32.6	494	286	13	25	486	33	511	3.31e-76	243.0	250344	0.42248938758184973
egu1000.fasta_00341	egu1000.fasta_00379	34.3	492	285	13	24	502	21	487	1.67e-89	278.0	249368	0.4841815814752305
egu1000.fasta_00379	egu1000.fasta_00341	34.3	493	286	13	21	488	24	503	2.06e-86	270.0	249368	0.47024829855508
egu1000.fasta_00379	egu1000.fasta_00314	31.6	488	285	13	26	487	37	501	9.320000000000001e-73	234.0	246928	0.4093333756119151
egu1000.fasta_00314	egu1000.fasta_00379	31.8	488	284	13	37	501	26	487	2.66e-72	233.0	246928	0.4075840876819496
egu1000.fasta_00184	egu1000.fasta_00448	28.7	254	140	12	20	253	469	701	5.72e-12	60.8	243672	0.10698596645069103
egu1000.fasta_00448	egu1000.fasta_00184	28.7	254	140	12	469	701	20	253	1.41e-12	63.9	243672	0.1124408430295914
egu1000.fasta_00343	egu1000.fasta_00379	34.8	492	279	12	13	487	21	487	8.15e-93	286.0	242048	0.5047541664305464
egu1000.fasta_00379	egu1000.fasta_00343	34.7	493	280	12	21	488	13	488	1.3599999999999999e-90	280.0	242048	0.4941649181837517
egu1000.fasta_00231	egu1000.fasta_00163	34.5	110	63	3	89	189	14	123	3.11e-18	80.1	241800	0.14143088231606984
egu1000.fasta_00163	egu1000.fasta_00231	33.6	113	66	3	11	123	86	189	3.58e-18	78.2	241800	0.13807609234852264
egu1000.fasta_00371	egu1000.fasta_00376	96.2	290	11	0	1	290	530	819	1.28e-199	562.0	237510	1.000237480311152
egu1000.fasta_00376	egu1000.fasta_00371	96.2	290	11	0	530	819	1	290	1.45e-198	560.0	237510	0.9966779163242796
egu1000.fasta_00371	egu1000.fasta_00380	86.2	290	40	0	1	290	529	818	2.22e-173	495.0	237220	0.881470564696636
egu1000.fasta_00380	egu1000.fasta_00371	86.2	290	40	0	529	818	1	290	3.5499999999999996e-172	493.0	237220	0.8779090674655384
egu1000.fasta_00108	egu1000.fasta_00333	29.1	347	189	12	87	430	6	298	9.53e-34	127.0	233200	0.2278794354497873
egu1000.fasta_00333	egu1000.fasta_00108	30.0	317	174	11	6	278	87	399	5.06e-33	125.0	233200	0.22429078292301902
egu1000.fasta_00150	egu1000.fasta_00149	84.0	480	75	1	1	480	1	478	1.81e-235	649.0	229920	1.171871717608615
egu1000.fasta_00149	egu1000.fasta_00150	84.0	480	75	1	1	478	1	480	7.31e-235	647.0	229920	1.1682604026082803
egu1000.fasta_00094	egu1000.fasta_00095	59.6	438	155	8	66	483	31	466	7.44e-107	321.0	225078	0.5851247481916241
egu1000.fasta_00095	egu1000.fasta_00094	59.6	438	155	8	31	466	66	483	1.43e-106	320.0	225078	0.5833019296614321
egu1000.fasta_00089	egu1000.fasta_00324	33.0	203	122	5	176	373	217	410	3.9e-24	99.4	224500	0.18139532941015402
egu1000.fasta_00324	egu1000.fasta_00089	33.0	203	122	5	217	410	176	373	1.0499999999999999e-23	98.2	224500	0.17920544615771755
egu1000.fasta_00324	egu1000.fasta_00496	37.8	291	169	6	197	479	95	381	1.7400000000000002e-59	197.0	218000	0.3642307742893576
egu1000.fasta_00496	egu1000.fasta_00324	37.8	291	169	6	95	381	197	479	8.06e-59	195.0	218000	0.36053299993108995
egu1000.fasta_00294	egu1000.fasta_00290	78.8	430	47	5	45	432	24	451	1.71e-236	650.0	217580	1.2028070810605493
egu1000.fasta_00290	egu1000.fasta_00294	78.4	430	49	4	24	451	45	432	5e-238	654.0	217580	1.2102089707901527
egu1000.fasta_00393	egu1000.fasta_00498	33.7	368	226	9	127	484	74	433	1.42e-49	171.0	217070	0.31676097033430695
egu1000.fasta_00498	egu1000.fasta_00393	33.8	370	225	10	79	439	132	490	6.58e-52	177.0	217070	0.327875390346037
egu1000.fasta_00367	egu1000.fasta_00371	90.8	292	20	2	440	726	1	290	4.39e-183	518.0	210540	0.9726589527821056
egu1000.fasta_00371	egu1000.fasta_00367	90.8	292	20	2	1	290	440	726	7.64e-185	521.0	210540	0.978292112740303
egu1000.fasta_00024	egu1000.fasta_00025	50.1	397	174	6	49	427	96	486	6.42e-136	394.0	209840	0.7409174599083823
egu1000.fasta_00025	egu1000.fasta_00024	49.5	390	180	4	100	487	54	428	1.46e-135	393.0	209840	0.7390369587411022
egu1000.fasta_00293	egu1000.fasta_00297	100.0	453	0	0	1	453	1	453	0.0	892.0	205209	1.6941259498599095
egu1000.fasta_00297	egu1000.fasta_00293	100.0	453	0	0	1	453	1	453	0.0	892.0	205209	1.6941259498599095
egu1000.fasta_00097	egu1000.fasta_00094	47.1	399	194	4	2	396	75	460	2.4199999999999997e-61	201.0	202860	0.3837063400115109
egu1000.fasta_00094	egu1000.fasta_00097	47.1	399	194	4	75	460	2	396	5.71e-60	197.0	202860	0.3760703929466052
egu1000.fasta_00096	egu1000.fasta_00094	46.3	164	85	2	228	391	300	460	1.24e-38	140.0	200445	0.26868440026550217
egu1000.fasta_00094	egu1000.fasta_00096	47.8	157	79	2	300	453	228	384	4.14e-35	130.0	200445	0.24949265738939486
egu1000.fasta_00089	egu1000.fasta_00496	33.5	161	96	5	215	372	158	310	2.54e-20	87.4	195764	0.1695066077411928
egu1000.fasta_00496	egu1000.fasta_00089	31.7	161	99	4	158	310	215	372	4.43e-20	86.7	195764	0.16814900333136631
egu1000.fasta_00097	egu1000.fasta_00095	43.6	282	139	5	129	396	166	441	7.51e-64	207.0	195720	0.40150312592133836
egu1000.fasta_00095	egu1000.fasta_00097	43.6	282	139	5	166	441	129	396	2.29e-63	206.0	195720	0.39956349729369905
egu1000.fasta_00339	egu1000.fasta_00381	39.2	444	187	8	72	509	1	367	3.05e-97	294.0	195426	0.5706319175788671
egu1000.fasta_00381	egu1000.fasta_00339	39.2	444	187	8	1	367	72	509	6.26e-97	293.0	195426	0.568690992689143
egu1000.fasta_00381	egu1000.fasta_00348	37.7	440	195	9	1	363	72	509	4e-87	268.0	193914	0.5219664881818664
egu1000.fasta_00348	egu1000.fasta_00381	37.7	440	195	9	72	509	1	363	6.2699999999999995e-89	273.0	193914	0.5317046689315281
egu1000.fasta_00297	egu1000.fasta_00298	64.8	418	144	2	38	453	8	424	1.88e-201	559.0	193884	1.0888034714437376
egu1000.fasta_00298	egu1000.fasta_00293	64.8	418	144	2	8	424	38	453	2.9200000000000003e-200	556.0	193884	1.0829601612213202
egu1000.fasta_00298	egu1000.fasta_00297	64.8	418	144	2	8	424	38	453	2.9200000000000003e-200	556.0	193884	1.0829601612213202
egu1000.fasta_00293	egu1000.fasta_00298	64.8	418	144	2	38	453	8	424	1.88e-201	559.0	193884	1.0888034714437376
egu1000.fasta_00096	egu1000.fasta_00095	51.8	164	79	0	228	391	278	441	1.63e-47	164.0	193390	0.3197966663300362
egu1000.fasta_00095	egu1000.fasta_00096	51.8	164	79	0	278	441	228	391	1.81e-44	155.0	193390	0.30224684927533907
egu1000.fasta_00341	egu1000.fasta_00381	39.4	436	187	8	68	499	1	363	8.12e-99	298.0	193158	0.5814040179644683
egu1000.fasta_00381	egu1000.fasta_00341	39.7	436	186	9	1	363	68	499	6.58e-95	288.0	193158	0.5618938160193518
egu1000.fasta_00314	egu1000.fasta_00381	40.8	436	180	9	76	502	1	367	5.58e-101	303.0	191268	0.5937480878680836
egu1000.fasta_00381	egu1000.fasta_00314	40.6	436	181	8	1	367	76	502	7.37e-99	298.0	191268	0.583950264635937
egu1000.fasta_00291	egu1000.fasta_00297	74.6	417	104	2	7	422	38	453	3.67e-230	632.0	191166	1.2387384811665774
egu1000.fasta_00297	egu1000.fasta_00291	74.6	417	104	2	38	453	7	422	4.81e-231	634.0	191166	1.2426585396512817
egu1000.fasta_00291	egu1000.fasta_00293	74.6	417	104	2	7	422	38	453	3.67e-230	632.0	191166	1.2387384811665774
egu1000.fasta_00293	egu1000.fasta_00291	74.6	417	104	2	38	453	7	422	4.81e-231	634.0	191166	1.2426585396512817
egu1000.fasta_00293	egu1000.fasta_00295	74.7	419	104	2	36	453	5	422	1.02e-232	638.0	191166	1.2504986566206904
egu1000.fasta_00297	egu1000.fasta_00295	74.7	419	104	2	36	453	5	422	1.02e-232	638.0	191166	1.2504986566206904
egu1000.fasta_00295	egu1000.fasta_00297	74.7	419	104	2	5	422	36	453	2.7199999999999998e-232	637.0	191166	1.248538627378338
egu1000.fasta_00295	egu1000.fasta_00293	74.7	419	104	2	5	422	36	453	2.7199999999999998e-232	637.0	191166	1.248538627378338
egu1000.fasta_00296	egu1000.fasta_00297	86.3	417	56	1	3	419	38	453	2.36e-267	726.0	189807	1.4275001596502186
egu1000.fasta_00296	egu1000.fasta_00293	86.3	417	56	1	3	419	38	453	2.36e-267	726.0	189807	1.4275001596502186
egu1000.fasta_00297	egu1000.fasta_00296	86.3	417	56	1	38	453	3	419	1.54e-268	729.0	189807	1.4333989206405087
egu1000.fasta_00293	egu1000.fasta_00296	86.3	417	56	1	38	453	3	419	1.54e-268	729.0	189807	1.4333989206405087
egu1000.fasta_00292	egu1000.fasta_00297	85.1	417	60	2	3	418	38	453	3.57e-264	717.0	189354	1.4113017831552752
egu1000.fasta_00297	egu1000.fasta_00292	85.1	417	60	2	38	453	3	418	2.73e-264	718.0	189354	1.413270125949076
egu1000.fasta_00292	egu1000.fasta_00293	85.1	417	60	2	3	418	38	453	3.57e-264	717.0	189354	1.4113017831552752
egu1000.fasta_00293	egu1000.fasta_00292	85.1	417	60	2	38	453	3	418	2.73e-264	718.0	189354	1.413270125949076
egu1000.fasta_00381	egu1000.fasta_00343	41.6	435	175	8	1	363	57	484	2.8e-102	306.0	187488	0.6049696697739805
egu1000.fasta_00343	egu1000.fasta_00381	41.6	435	175	8	57	484	1	363	4.6e-106	316.0	187488	0.624739920420189
egu1000.fasta_00379	egu1000.fasta_00381	25.2	404	238	7	64	465	1	342	3.4700000000000003e-32	121.0	184464	0.24095500608081336
egu1000.fasta_00381	egu1000.fasta_00379	26.7	397	227	9	1	335	64	458	1.15e-30	117.0	184464	0.23298955133434018
egu1000.fasta_00313	egu1000.fasta_00339	48.1	347	136	8	30	351	36	363	6.83e-95	287.0	183018	0.5735237615980892
egu1000.fasta_00339	egu1000.fasta_00313	47.2	360	145	10	23	363	18	351	5.0099999999999994e-95	288.0	183018	0.5755221022308351
egu1000.fasta_00313	egu1000.fasta_00348	47.5	364	147	8	18	352	22	370	1.4e-102	306.0	181602	0.613606629451295
egu1000.fasta_00348	egu1000.fasta_00313	47.5	364	147	8	22	370	18	352	8.06e-105	313.0	181602	0.6276433824125991
egu1000.fasta_00313	egu1000.fasta_00341	39.2	319	161	8	31	333	32	333	6.76e-62	201.0	180894	0.4037556492160429
egu1000.fasta_00341	egu1000.fasta_00313	38.4	328	169	8	24	334	23	334	4.41e-64	207.0	180894	0.4158080566553278
egu1000.fasta_00295	egu1000.fasta_00298	64.9	422	145	2	3	422	4	424	4.13e-209	577.0	180616	1.159832335474654
egu1000.fasta_00298	egu1000.fasta_00295	65.1	421	144	2	5	424	4	422	4.8600000000000005e-208	575.0	180616	1.155812119407151
egu1000.fasta_00298	egu1000.fasta_00291	65.4	419	142	2	7	424	6	422	8e-207	572.0	180616	1.1497817953058962
egu1000.fasta_00291	egu1000.fasta_00298	65.4	419	142	2	6	422	7	424	3.9199999999999994e-207	572.0	180616	1.1497817953058962
egu1000.fasta_00298	egu1000.fasta_00296	65.0	420	143	3	7	424	2	419	1.7400000000000002e-200	555.0	179332	1.1191527763553326
egu1000.fasta_00296	egu1000.fasta_00298	65.0	420	143	3	2	419	7	424	1.7100000000000003e-200	555.0	179332	1.1191527763553326
egu1000.fasta_00314	egu1000.fasta_00313	68.4	348	80	9	24	355	18	351	2.19e-151	431.0	179124	0.8695561989211491
egu1000.fasta_00313	egu1000.fasta_00314	67.8	348	82	8	18	351	24	355	2.49e-150	428.0	179124	0.8635036035690298
egu1000.fasta_00292	egu1000.fasta_00298	63.7	419	149	2	2	418	7	424	1.34e-199	553.0	178904	1.1163046001350432
egu1000.fasta_00298	egu1000.fasta_00292	63.7	419	149	2	7	424	2	418	1.59e-198	550.0	178904	1.1102486981451605
egu1000.fasta_00295	egu1000.fasta_00291	96.9	422	13	0	1	422	1	422	3.12e-311	835.0	178084	1.6890042275814385
egu1000.fasta_00291	egu1000.fasta_00295	96.9	422	13	0	1	422	1	422	8.96e-311	834.0	178084	1.6869814680274486
egu1000.fasta_00340	egu1000.fasta_00372	75.9	299	69	1	266	564	20	315	7.63e-174	489.0	177660	0.9901778346484555
egu1000.fasta_00372	egu1000.fasta_00340	75.9	299	69	1	20	315	266	564	1.98e-172	485.0	177660	0.9820782204591022
egu1000.fasta_00372	egu1000.fasta_00315	58.4	298	120	2	20	313	263	560	2.51e-123	360.0	177030	0.7301170381342721
egu1000.fasta_00315	egu1000.fasta_00372	58.4	298	120	2	263	560	20	313	2.53e-122	358.0	177030	0.7260608323668595
egu1000.fasta_00295	egu1000.fasta_00296	73.9	418	108	1	6	422	2	419	4.75e-234	640.0	176818	1.2986772392428112
egu1000.fasta_00291	egu1000.fasta_00296	73.4	418	110	1	6	422	2	419	9.119999999999999e-232	634.0	176818	1.28650214012491
egu1000.fasta_00296	egu1000.fasta_00291	73.4	418	110	1	2	419	6	422	1.82e-231	634.0	176818	1.28650214012491
egu1000.fasta_00296	egu1000.fasta_00295	73.9	418	108	1	2	419	6	422	2.72e-233	638.0	176818	1.2946188728701773
egu1000.fasta_00295	egu1000.fasta_00292	73.6	417	110	0	6	422	2	418	3.9400000000000004e-235	643.0	176396	1.3061510920025383
egu1000.fasta_00292	egu1000.fasta_00291	73.1	417	112	0	2	418	6	422	1.3e-233	639.0	176396	1.298025735287126
egu1000.fasta_00292	egu1000.fasta_00295	73.6	417	110	0	2	418	6	422	1.9400000000000002e-235	644.0	176396	1.3081824311813914
egu1000.fasta_00291	egu1000.fasta_00292	73.1	417	112	0	6	422	2	418	7.56e-233	637.0	176396	1.2939630569294198
egu1000.fasta_00372	egu1000.fasta_00344	98.3	296	5	0	20	315	264	559	7.44e-215	592.0	176085	1.2034962460357812
egu1000.fasta_00344	egu1000.fasta_00372	98.3	296	5	0	264	559	20	315	1.32e-214	592.0	176085	1.2034962460357812
egu1000.fasta_00286	egu1000.fasta_00239	60.1	388	150	3	14	400	27	410	7.3699999999999995e-171	480.0	175848	0.9763920232256953
egu1000.fasta_00239	egu1000.fasta_00286	60.1	388	150	3	27	410	14	400	1.92e-171	481.0	175848	0.9784261732740821
egu1000.fasta_00313	egu1000.fasta_00343	39.4	312	166	6	31	333	21	318	4.3400000000000005e-64	206.0	175584	0.41931479427061097
egu1000.fasta_00343	egu1000.fasta_00313	38.9	324	175	6	10	319	20	334	1.37e-66	213.0	175584	0.43356335524097156
egu1000.fasta_00296	egu1000.fasta_00292	96.9	419	12	1	1	419	1	418	9.94e-304	816.0	175142	1.6628366867594504
egu1000.fasta_00292	egu1000.fasta_00296	96.9	419	12	1	1	418	1	419	8.5e-305	819.0	175142	1.66895005693136
egu1000.fasta_00349	egu1000.fasta_00372	64.2	299	103	2	259	556	20	315	6.31e-143	410.0	175140	0.8354981636051423
egu1000.fasta_00372	egu1000.fasta_00349	64.2	299	103	2	20	315	259	556	1.64e-141	406.0	175140	0.8273469620089946
egu1000.fasta_00097	egu1000.fasta_00096	41.2	194	111	2	205	398	203	393	2.6300000000000003e-43	151.0	174300	0.3083660191792869
egu1000.fasta_00096	egu1000.fasta_00097	41.1	197	113	2	200	393	202	398	1.35e-44	155.0	174300	0.3165346554489369
egu1000.fasta_00378	egu1000.fasta_00371	76.0	146	35	0	440	585	1	146	8.49e-68	217.0	170810	0.4471498625140149
egu1000.fasta_00371	egu1000.fasta_00378	76.0	146	35	0	1	146	440	585	1.1499999999999999e-67	216.0	170810	0.44508926406924987
egu1000.fasta_00084	egu1000.fasta_00085	94.6	260	10	1	10	269	70	325	6.990000000000001e-166	467.0	169400	0.9658509226649663
egu1000.fasta_00085	egu1000.fasta_00084	94.6	260	10	1	70	325	10	269	3.0400000000000003e-166	468.0	169400	0.9679191259254909
egu1000.fasta_00491	egu1000.fasta_00487	50.3	396	193	3	9	401	8	402	9.81e-145	413.0	168857	0.8553875740293458
egu1000.fasta_00487	egu1000.fasta_00491	50.3	396	193	3	8	402	9	401	8.270000000000001e-144	410.0	168857	0.8491741049686
egu1000.fasta_00124	egu1000.fasta_00121	96.2	371	14	0	3	373	78	448	1.85e-197	546.0	167104	1.1361082802691749
egu1000.fasta_00121	egu1000.fasta_00124	96.2	371	14	0	78	448	3	373	3.65e-196	543.0	167104	1.1298659270808826
egu1000.fasta_00184	egu1000.fasta_00108	27.6	192	119	5	19	205	90	266	3.15e-16	73.6	165360	0.15386145332611803
egu1000.fasta_00108	egu1000.fasta_00184	25.8	267	140	6	90	349	19	234	2.96e-16	74.3	165360	0.1553248095398175
egu1000.fasta_00498	egu1000.fasta_00497	56.9	394	141	7	51	441	1	368	9.28e-146	415.0	163467	0.872011801495471
egu1000.fasta_00497	egu1000.fasta_00498	56.9	394	141	7	1	368	51	441	7.21e-149	423.0	163467	0.8888216675483958
egu1000.fasta_00492	egu1000.fasta_00487	47.8	387	190	5	5	383	14	396	2.52e-126	365.0	163410	0.7670690195190463
egu1000.fasta_00487	egu1000.fasta_00492	47.8	387	190	5	14	396	5	383	5.4199999999999995e-126	365.0	163410	0.7670690195190463
egu1000.fasta_00371	egu1000.fasta_00368	98.6	73	1	0	1	73	487	559	6.68e-44	152.0	162110	0.32057287388577466
egu1000.fasta_00368	egu1000.fasta_00371	98.6	73	1	0	487	559	1	73	2.47e-43	151.0	162110	0.31846384182073667
egu1000.fasta_00339	egu1000.fasta_00374	43.0	302	153	4	12	308	13	300	1.03e-77	241.0	160787	0.5101311565259116
egu1000.fasta_00374	egu1000.fasta_00339	43.6	296	148	4	19	300	18	308	1.02e-79	246.0	160787	0.5207147904787313
egu1000.fasta_00105	egu1000.fasta_00152	34.9	215	118	6	228	423	69	280	1.03e-24	99.4	160066	0.2108233071338837
egu1000.fasta_00152	egu1000.fasta_00105	34.9	215	118	6	69	280	228	423	7.89e-24	96.3	160066	0.2042483347786016
egu1000.fasta_00348	egu1000.fasta_00374	39.8	314	172	4	1	311	1	300	4.78e-74	232.0	159543	0.49277865628337203
egu1000.fasta_00374	egu1000.fasta_00348	40.2	316	168	5	1	300	1	311	9.57e-72	225.0	159543	0.4779103347575806
egu1000.fasta_00374	egu1000.fasta_00341	76.3	295	55	4	15	301	12	299	1.61e-150	427.0	158921	0.9085434817665775
egu1000.fasta_00341	egu1000.fasta_00374	76.3	295	55	4	12	299	15	301	1.8699999999999998e-150	427.0	158921	0.9085434817665775
egu1000.fasta_00314	egu1000.fasta_00374	42.1	302	169	3	1	300	3	300	2.02e-74	233.0	157366	0.4979337843558578
egu1000.fasta_00374	egu1000.fasta_00314	42.5	299	166	3	6	300	4	300	1.74e-74	232.0	157366	0.4957967294873777
egu1000.fasta_00491	egu1000.fasta_00492	48.8	373	180	5	12	380	2	367	4.6200000000000004e-123	357.0	157170	0.7633512669462692
egu1000.fasta_00492	egu1000.fasta_00491	48.8	373	180	5	2	367	12	380	4.4700000000000007e-123	357.0	157170	0.7633512669462692
egu1000.fasta_00184	egu1000.fasta_00324	29.3	246	141	14	2	231	197	425	7.39e-20	84.3	156000	0.18085309554138768
egu1000.fasta_00324	egu1000.fasta_00184	30.5	226	132	13	209	425	22	231	8.78e-20	84.7	156000	0.1817112359710028
egu1000.fasta_00372	egu1000.fasta_00338	73.9	299	75	1	20	315	195	493	1.25e-166	468.0	155295	1.0060474138700481
egu1000.fasta_00338	egu1000.fasta_00372	73.9	299	75	1	195	493	20	315	8.439999999999999e-168	471.0	155295	1.0124964357538306
egu1000.fasta_00343	egu1000.fasta_00374	96.8	278	9	0	7	284	24	301	6.130000000000001e-194	537.0	154256	1.1578239749944577
egu1000.fasta_00374	egu1000.fasta_00343	96.8	278	9	0	24	301	7	284	8.97e-193	534.0	154256	1.1513556846313602
egu1000.fasta_00374	egu1000.fasta_00379	28.5	284	170	10	30	301	21	283	3.75e-25	99.8	151768	0.21673906815058697
egu1000.fasta_00379	egu1000.fasta_00374	28.5	284	170	10	21	283	30	301	3.71e-24	97.4	151768	0.21152690619105383
egu1000.fasta_00383	egu1000.fasta_00022	58.5	390	149	5	2	383	1	385	2.8699999999999997e-150	425.0	150930	0.925260991579726
egu1000.fasta_00022	egu1000.fasta_00383	58.5	390	149	5	1	385	2	383	1.88e-153	433.0	150930	0.9426776690682854
egu1000.fasta_00083	egu1000.fasta_00480	37.0	308	162	12	39	337	33	317	3.34e-49	166.0	149226	0.3632242736927805
egu1000.fasta_00480	egu1000.fasta_00083	36.8	318	168	13	24	317	29	337	3.82e-50	168.0	149226	0.36760046976136823
egu1000.fasta_00278	egu1000.fasta_00457	35.0	257	157	5	229	477	23	277	7.230000000000001e-37	132.0	146700	0.29102867718556924
egu1000.fasta_00457	egu1000.fasta_00278	34.2	269	167	5	23	289	229	489	3.2999999999999997e-38	135.0	146700	0.29764296530342305
egu1000.fasta_00398	egu1000.fasta_00105	34.9	307	142	8	35	284	180	485	2.99e-40	141.0	144354	0.3131067710210437
egu1000.fasta_00105	egu1000.fasta_00398	34.5	307	143	7	180	485	35	284	1.88e-43	150.0	144354	0.333092309596855
egu1000.fasta_00347	egu1000.fasta_00339	55.2	232	99	4	28	258	278	505	8.12e-85	258.0	139590	0.5815274434112616
egu1000.fasta_00339	egu1000.fasta_00347	54.9	237	100	5	278	510	28	261	5.540000000000001e-85	259.0	139590	0.583781425750065
egu1000.fasta_00347	egu1000.fasta_00348	52.2	232	107	4	28	258	281	509	1.41e-81	249.0	138510	0.5631822433693763
egu1000.fasta_00348	egu1000.fasta_00347	45.5	279	127	5	234	509	2	258	4.18e-80	246.0	138510	0.5563969151360103
egu1000.fasta_00341	egu1000.fasta_00347	95.0	260	12	1	252	511	12	270	5.06e-184	511.0	137970	1.1577757377980267
egu1000.fasta_00347	egu1000.fasta_00341	96.5	256	8	1	16	270	256	511	2.18e-183	509.0	137970	1.1532443259084062
egu1000.fasta_00376	egu1000.fasta_00375	63.0	192	22	2	642	819	12	168	2.1300000000000002e-66	213.0	137592	0.4831841303293326
egu1000.fasta_00375	egu1000.fasta_00376	63.0	192	22	2	12	168	642	819	8.469999999999999e-69	218.0	137592	0.494526480806547
egu1000.fasta_00380	egu1000.fasta_00375	64.6	192	19	2	641	818	12	168	5.66e-69	220.0	137424	0.499334468653875
egu1000.fasta_00375	egu1000.fasta_00380	64.6	192	19	2	12	168	641	818	3.1e-71	224.0	137424	0.5084132771748545
egu1000.fasta_00314	egu1000.fasta_00347	55.2	239	101	5	270	504	28	264	1.18e-90	273.0	136620	0.6212465958847596
egu1000.fasta_00347	egu1000.fasta_00314	55.2	239	101	5	28	264	270	504	8.92e-91	273.0	136620	0.6212465958847596
egu1000.fasta_00407	egu1000.fasta_00405	90.5	368	32	3	1	366	1	367	6.28e-198	544.0	134322	1.2473098526967212
egu1000.fasta_00405	egu1000.fasta_00407	90.8	368	31	3	1	367	1	366	2.69e-199	548.0	134322	1.2564812486724324
egu1000.fasta_00343	egu1000.fasta_00347	81.4	280	42	3	217	496	1	270	3.7099999999999996e-168	470.0	133920	1.0790754517246883
egu1000.fasta_00347	egu1000.fasta_00343	89.1	248	25	1	25	270	249	496	7.690000000000001e-166	464.0	133920	1.0653000204260752
egu1000.fasta_00381	egu1000.fasta_00313	33.5	245	120	6	1	217	70	299	2.3000000000000002e-33	122.0	133812	0.28020088312880426
egu1000.fasta_00313	egu1000.fasta_00381	33.5	245	120	6	70	299	1	217	1.6100000000000001e-35	128.0	133812	0.2939812544302209
egu1000.fasta_00379	egu1000.fasta_00347	42.2	244	132	4	248	488	25	262	2.33e-60	194.0	131760	0.4486359719976401
egu1000.fasta_00347	egu1000.fasta_00379	42.4	243	131	4	25	261	248	487	6.549999999999999e-61	195.0	131760	0.450948528554329
egu1000.fasta_00346	egu1000.fasta_00339	54.1	233	102	4	10	241	278	506	1.0600000000000001e-85	259.0	130284	0.6019583428509998
egu1000.fasta_00339	egu1000.fasta_00346	54.1	233	102	4	278	506	10	241	6.12e-85	258.0	130284	0.5996341793650886
egu1000.fasta_00345	egu1000.fasta_00339	46.6	236	117	4	17	249	21	250	1.3e-64	204.0	129767	0.47496791052812587
egu1000.fasta_00339	egu1000.fasta_00345	44.9	247	127	4	10	250	6	249	4.3499999999999996e-62	199.0	129767	0.46332654017204433
egu1000.fasta_00346	egu1000.fasta_00348	51.7	234	109	4	10	242	281	511	8.41e-84	254.0	129276	0.5923787732640587
egu1000.fasta_00348	egu1000.fasta_00346	51.7	234	109	4	281	511	10	242	4.2e-81	248.0	129276	0.5783855738956164
egu1000.fasta_00346	egu1000.fasta_00341	90.8	249	23	0	4	252	263	511	4.51e-173	482.0	128772	1.1260735238219035
egu1000.fasta_00341	egu1000.fasta_00346	90.8	249	23	0	263	511	4	252	3.7e-172	480.0	128772	1.1214010195736799
egu1000.fasta_00348	egu1000.fasta_00345	43.3	247	134	4	10	253	6	249	1.49e-66	210.0	128763	0.4906281856306695
egu1000.fasta_00345	egu1000.fasta_00348	43.3	247	134	4	6	249	10	253	3.07e-65	206.0	128763	0.48128288685675197
egu1000.fasta_00345	egu1000.fasta_00341	79.4	252	43	4	1	249	2	247	3.1499999999999996e-128	368.0	128261	0.8612613450262795
egu1000.fasta_00341	egu1000.fasta_00345	79.4	252	43	4	2	247	1	249	3.2e-128	369.0	128261	0.8636017291160247
egu1000.fasta_00346	egu1000.fasta_00314	53.6	239	105	5	10	246	270	504	9.149999999999999e-91	272.0	127512	0.6382435639968554
egu1000.fasta_00314	egu1000.fasta_00346	53.6	239	105	5	270	504	10	246	1.4599999999999998e-89	270.0	127512	0.6335505966145256
egu1000.fasta_00314	egu1000.fasta_00345	48.2	220	112	2	40	257	30	249	1.99e-60	194.0	127006	0.45602294801507187
egu1000.fasta_00345	egu1000.fasta_00314	48.2	220	112	2	30	249	40	257	4.66e-62	197.0	127006	0.46307484927303694
egu1000.fasta_00343	egu1000.fasta_00346	88.4	251	27	1	246	496	4	252	1.81e-166	465.0	124992	1.1008371385035856
egu1000.fasta_00346	egu1000.fasta_00343	89.2	249	25	1	6	252	248	496	1.86e-166	464.0	124992	1.0984697468078788
egu1000.fasta_00343	egu1000.fasta_00345	83.8	234	35	3	7	238	17	249	1.84e-131	376.0	124496	0.8917136046311559
egu1000.fasta_00345	egu1000.fasta_00343	83.8	234	35	3	17	249	7	238	5.31e-131	374.0	124496	0.8869704471597135
egu1000.fasta_00346	egu1000.fasta_00379	41.6	243	133	4	7	243	248	487	1.81e-61	196.0	122976	0.4673740541191652
egu1000.fasta_00379	egu1000.fasta_00346	41.0	249	138	4	243	488	2	244	1.4600000000000002e-59	191.0	122976	0.4554512466161253
egu1000.fasta_00367	egu1000.fasta_00375	61.7	188	21	3	553	726	18	168	9.14e-63	202.0	121968	0.48344653089333756
egu1000.fasta_00375	egu1000.fasta_00367	60.5	195	25	4	11	168	547	726	2.86e-65	207.0	121968	0.4954130291827766
egu1000.fasta_00487	egu1000.fasta_00488	57.9	280	115	3	8	286	4	281	2.62e-115	333.0	118577	0.8070183231458022
egu1000.fasta_00488	egu1000.fasta_00487	57.9	280	115	3	4	281	8	286	1.43e-114	331.0	118577	0.8021713662500316
egu1000.fasta_00152	egu1000.fasta_00360	28.1	256	116	10	71	281	52	284	7.02e-17	75.1	117686	0.18261433084494968
egu1000.fasta_00360	egu1000.fasta_00152	27.0	282	135	11	52	310	71	304	3.3e-19	82.0	117686	0.19939247841925267
egu1000.fasta_00381	egu1000.fasta_00374	41.5	234	112	5	1	216	74	300	1.67e-48	161.0	117558	0.39167949172281985
egu1000.fasta_00374	egu1000.fasta_00381	41.5	234	112	5	74	300	1	216	8.56e-51	167.0	117558	0.40627624296714854
egu1000.fasta_00491	egu1000.fasta_00488	56.3	277	118	2	9	284	4	278	3.23e-112	325.0	114049	0.8013775266468336
egu1000.fasta_00488	egu1000.fasta_00491	55.4	276	122	1	4	278	9	284	2.6e-111	322.0	114049	0.793980195631632
egu1000.fasta_00492	egu1000.fasta_00488	51.6	273	127	2	4	271	9	281	2.27e-101	297.0	110370	0.7430857626001749
egu1000.fasta_00488	egu1000.fasta_00492	51.6	273	127	2	9	281	4	271	2.66e-100	294.0	110370	0.7355798458062337
egu1000.fasta_00374	egu1000.fasta_00313	38.3	282	151	6	33	300	26	298	1.62e-52	171.0	110094	0.42831359227433613
egu1000.fasta_00313	egu1000.fasta_00374	38.3	277	148	6	31	298	38	300	5.54e-51	167.0	110094	0.41829456087610606
egu1000.fasta_00487	egu1000.fasta_00490	55.1	256	112	2	1	256	1	253	4.0699999999999995e-95	281.0	108521	0.7083527949710451
egu1000.fasta_00490	egu1000.fasta_00487	55.1	256	112	2	1	253	1	256	1.7799999999999998e-95	281.0	108521	0.7083527949710451
egu1000.fasta_00391	egu1000.fasta_00042	27.8	252	136	9	74	322	99	307	6.87e-15	68.9	105118	0.17616181540697168
egu1000.fasta_00042	egu1000.fasta_00391	26.6	252	139	8	99	307	74	322	5.13e-14	66.2	105118	0.1692585222052471
egu1000.fasta_00491	egu1000.fasta_00490	56.4	250	106	2	8	257	7	253	1.8700000000000001e-97	286.0	104377	0.7335402710172232
egu1000.fasta_00490	egu1000.fasta_00491	56.4	250	106	2	7	253	8	257	2.41e-97	286.0	104377	0.7335402710172232
egu1000.fasta_00347	egu1000.fasta_00381	48.2	170	64	2	89	258	218	363	2.67e-50	164.0	102060	0.4248489085024635
egu1000.fasta_00381	egu1000.fasta_00347	41.6	231	80	4	187	363	29	258	1.1399999999999998e-52	171.0	102060	0.4429827033775686
egu1000.fasta_00492	egu1000.fasta_00490	52.7	243	112	2	2	241	11	253	1.22e-89	266.0	101010	0.6922584374577839
egu1000.fasta_00490	egu1000.fasta_00492	52.9	242	111	2	12	253	3	241	3.2499999999999995e-89	265.0	101010	0.6896559621289953
egu1000.fasta_00339	egu1000.fasta_00373	54.6	183	79	3	327	505	1	183	6.43e-65	204.0	100815	0.5313610918900399
egu1000.fasta_00373	egu1000.fasta_00339	54.6	183	79	3	1	183	327	505	4.4200000000000003e-66	206.0	100815	0.53657051435955
egu1000.fasta_00373	egu1000.fasta_00348	51.9	183	85	3	1	183	330	509	3.14e-65	204.0	100035	0.5331984131440051
egu1000.fasta_00348	egu1000.fasta_00373	51.9	183	85	3	330	509	1	183	1.36e-62	198.0	100035	0.5175161068750638
egu1000.fasta_00341	egu1000.fasta_00373	93.3	195	13	0	317	511	1	195	8.99e-139	393.0	99645	1.028975819201445
egu1000.fasta_00373	egu1000.fasta_00341	93.3	195	13	0	1	195	317	511	4.86e-139	393.0	99645	1.028975819201445
egu1000.fasta_00373	egu1000.fasta_00314	52.1	190	86	4	1	189	319	504	2.4400000000000002e-70	217.0	98670	0.5706504752795789
egu1000.fasta_00314	egu1000.fasta_00373	52.1	190	86	4	319	504	1	189	2.49e-69	215.0	98670	0.5653910238945137
egu1000.fasta_00061	egu1000.fasta_00060	66.3	294	95	3	35	325	6	298	6.26e-132	373.0	98371	0.9822115606495851
egu1000.fasta_00060	egu1000.fasta_00061	67.1	289	91	3	11	298	40	325	8.06e-132	372.0	98371	0.9795782856880582
egu1000.fasta_00373	egu1000.fasta_00343	98.5	195	3	0	1	195	302	496	5.24e-145	407.0	96720	1.0798350960209528
egu1000.fasta_00343	egu1000.fasta_00373	98.5	195	3	0	302	496	1	195	9.410000000000001e-145	408.0	96720	1.082488253505034
egu1000.fasta_00398	egu1000.fasta_00152	30.7	231	126	8	67	264	73	302	5.33e-20	83.2	95844	0.22163707286238657
egu1000.fasta_00152	egu1000.fasta_00398	30.7	231	126	8	73	302	67	264	8.94e-21	85.5	95844	0.2277640592516112
egu1000.fasta_00347	egu1000.fasta_00313	40.4	99	51	2	3	93	236	334	3.07e-17	75.1	95580	0.2003048133452088
egu1000.fasta_00313	egu1000.fasta_00347	41.2	97	49	2	237	333	4	92	1.83e-18	79.0	95580	0.2107067943311784
egu1000.fasta_00381	egu1000.fasta_00346	41.1	231	81	4	187	363	11	240	7.479999999999999e-52	168.0	95256	0.4487620317248656
egu1000.fasta_00346	egu1000.fasta_00381	48.2	170	64	2	71	240	218	363	2.12e-50	164.0	95256	0.43807722144570216
egu1000.fasta_00379	egu1000.fasta_00373	42.7	192	101	3	301	488	1	187	6.85e-50	164.0	95160	0.4382735739515907
egu1000.fasta_00373	egu1000.fasta_00379	42.9	191	100	3	1	186	301	487	9.97e-51	165.0	95160	0.44094597379275896
egu1000.fasta_00345	egu1000.fasta_00381	43.0	186	84	5	66	249	1	166	7.71e-40	136.0	94878	0.3639260636817943
egu1000.fasta_00381	egu1000.fasta_00345	43.0	186	84	5	1	166	66	249	1.2600000000000001e-37	131.0	94878	0.3505464289876107
egu1000.fasta_00305	egu1000.fasta_00304	62.6	179	12	2	1	124	514	692	3.65e-59	188.0	90496	0.5137581320384906
egu1000.fasta_00304	egu1000.fasta_00305	62.6	179	12	2	514	692	1	124	1.99e-60	194.0	90496	0.5301546681673786
egu1000.fasta_00346	egu1000.fasta_00313	47.8	67	34	1	10	75	268	334	1.05e-16	73.2	89208	0.20131618634061518
egu1000.fasta_00313	egu1000.fasta_00346	48.5	66	33	1	268	333	10	74	7.96e-17	73.9	89208	0.20324134112802544
egu1000.fasta_00345	egu1000.fasta_00313	40.5	232	114	7	30	247	31	252	4.29e-42	142.0	88854	0.3912221052878587
egu1000.fasta_00313	egu1000.fasta_00345	40.5	232	114	7	31	252	30	247	3.48e-40	137.0	88854	0.37744667904532847
egu1000.fasta_00339	egu1000.fasta_00342	44.6	202	63	3	311	510	1	155	4.1e-52	169.0	84788	0.4754034613035231
egu1000.fasta_00342	egu1000.fasta_00339	44.7	197	62	2	1	152	311	505	2.42e-53	171.0	84788	0.4810295377686536
egu1000.fasta_00348	egu1000.fasta_00342	39.6	197	73	2	314	509	1	152	6.81e-46	153.0	84132	0.4318830533986873
egu1000.fasta_00342	egu1000.fasta_00348	51.2	127	61	1	26	152	384	509	4.44e-44	147.0	84132	0.41494646306932703
egu1000.fasta_00341	egu1000.fasta_00342	70.6	211	15	1	301	511	1	164	9.929999999999998e-104	303.0	83804	0.8567839033358312
egu1000.fasta_00342	egu1000.fasta_00341	70.6	211	15	1	1	164	301	511	9.019999999999999e-104	301.0	83804	0.8511285640398851
egu1000.fasta_00342	egu1000.fasta_00314	43.1	204	68	2	1	158	303	504	1.03e-58	185.0	82984	0.52540987303168
egu1000.fasta_00314	egu1000.fasta_00342	43.1	204	68	2	303	504	1	158	1.2400000000000001e-57	184.0	82984	0.5225698196639411
egu1000.fasta_00342	egu1000.fasta_00343	70.6	211	15	1	1	164	286	496	6.7e-103	299.0	81344	0.8567424168579586
egu1000.fasta_00343	egu1000.fasta_00342	70.6	211	15	1	286	496	1	164	2.03e-102	299.0	81344	0.8567424168579586
egu1000.fasta_00379	egu1000.fasta_00342	32.8	204	81	4	289	488	5	156	3.72e-34	121.0	80032	0.34922301631655966
egu1000.fasta_00342	egu1000.fasta_00379	33.0	203	80	4	5	155	289	487	9.020000000000001e-35	121.0	80032	0.34922301631655966
egu1000.fasta_00374	egu1000.fasta_00345	81.9	243	38	3	15	255	11	249	7.63e-136	380.0	78061	1.1089550054131496
egu1000.fasta_00345	egu1000.fasta_00374	81.9	243	38	3	11	249	15	255	1.76e-135	379.0	78061	1.1060367027673255
egu1000.fasta_00418	egu1000.fasta_00424	98.9	273	3	0	1	273	1	273	1.8e-212	573.0	74529	1.706953341882489
egu1000.fasta_00424	egu1000.fasta_00418	98.9	273	3	0	1	273	1	273	6.29e-213	574.0	74529	1.7099323180463326
egu1000.fasta_00373	egu1000.fasta_00381	49.4	170	62	2	14	183	218	363	5.05e-53	169.0	73710	0.5059253465760929
egu1000.fasta_00381	egu1000.fasta_00373	58.9	124	49	1	242	363	60	183	3.85e-52	167.0	73710	0.49993806436809174
egu1000.fasta_00490	egu1000.fasta_00488	67.7	248	78	2	8	253	4	251	5.13e-121	342.0	73297	1.0263850337936047
egu1000.fasta_00488	egu1000.fasta_00490	67.7	248	78	2	4	251	8	253	3.22e-120	340.0	73297	1.020382782133993
egu1000.fasta_00321	egu1000.fasta_00304	47.9	194	8	2	1	101	514	707	1.3399999999999998e-42	142.0	72114	0.42925273633867916
egu1000.fasta_00304	egu1000.fasta_00321	47.9	194	8	2	514	707	1	101	4.92e-42	142.0	72114	0.42925273633867916
egu1000.fasta_00347	egu1000.fasta_00346	92.3	246	19	0	25	270	7	252	1.17e-175	479.0	68040	1.4858812988472896
egu1000.fasta_00346	egu1000.fasta_00347	92.3	246	19	0	7	252	25	270	3.26e-177	483.0	68040	1.4982894934096886
egu1000.fasta_00342	egu1000.fasta_00381	57.5	120	49	1	33	152	246	363	6.61e-49	157.0	61992	0.5075927813184575
egu1000.fasta_00381	egu1000.fasta_00342	57.5	120	49	1	246	363	33	152	2.1399999999999997e-48	156.0	61992	0.5043597062782126
egu1000.fasta_00475	egu1000.fasta_00123	31.5	260	116	10	12	255	13	226	8.189999999999999e-23	88.6	61146	0.2882050640865303
egu1000.fasta_00123	egu1000.fasta_00475	32.6	178	94	5	13	179	12	174	1.4399999999999997e-23	90.5	61146	0.29438553385813765
egu1000.fasta_00370	egu1000.fasta_00376	100.0	68	0	0	1	68	1	68	1.31e-40	135.0	58149	0.449056938167717
egu1000.fasta_00376	egu1000.fasta_00370	100.0	68	0	0	1	68	1	68	1.1099999999999999e-39	135.0	58149	0.449056938167717
egu1000.fasta_00380	egu1000.fasta_00370	88.2	68	7	1	1	67	1	68	1.6300000000000002e-32	115.0	58078	0.3827377412381042
egu1000.fasta_00370	egu1000.fasta_00380	88.2	68	7	1	1	68	1	67	1.42e-33	115.0	58078	0.3827377412381042
egu1000.fasta_00347	egu1000.fasta_00373	93.8	195	12	0	76	270	1	195	3.5e-143	395.0	52650	1.373215220268765
egu1000.fasta_00373	egu1000.fasta_00347	93.8	195	12	0	1	195	76	270	1.25e-143	395.0	52650	1.373215220268765
egu1000.fasta_00346	egu1000.fasta_00373	92.8	195	14	0	58	252	1	195	1.16e-141	390.0	49140	1.398048651168455
egu1000.fasta_00373	egu1000.fasta_00346	92.8	195	14	0	1	195	58	252	5.1999999999999996e-141	388.0	49140	1.3908791709060526
egu1000.fasta_00371	egu1000.fasta_00375	63.0	192	22	2	113	290	12	168	5.560000000000001e-72	214.0	48720	0.7700664116586909
egu1000.fasta_00375	egu1000.fasta_00371	63.0	192	22	2	12	168	113	290	3.98e-73	216.0	48720	0.7772632940106413
egu1000.fasta_00205	egu1000.fasta_00329	50.0	78	39	0	78	155	24	101	2.5e-19	77.8	46320	0.2863148990684112
egu1000.fasta_00329	egu1000.fasta_00205	50.0	78	39	0	24	101	78	155	7.3e-21	81.6	46320	0.3002994314136549
egu1000.fasta_00342	egu1000.fasta_00347	70.6	211	15	1	1	164	60	270	1.24e-107	303.0	44280	1.137627790768123
egu1000.fasta_00347	egu1000.fasta_00342	70.6	211	15	1	60	270	1	164	2.04e-107	303.0	44280	1.137627790768123
egu1000.fasta_00346	egu1000.fasta_00342	75.4	211	5	1	42	252	1	164	2.9299999999999998e-114	320.0	41328	1.2388642129172243
egu1000.fasta_00342	egu1000.fasta_00346	75.4	211	5	1	1	164	42	252	7.76e-114	318.0	41328	1.2311213115864916
egu1000.fasta_00475	egu1000.fasta_00238	29.9	157	84	5	12	153	13	158	1.55e-13	61.6	41280	0.23860455976666428
egu1000.fasta_00238	egu1000.fasta_00475	29.9	157	84	5	13	158	12	153	2.77e-15	65.9	41280	0.25526039754258406
egu1000.fasta_00489	egu1000.fasta_00492	32.6	95	55	4	1	93	301	388	4.26e-12	55.5	40170	0.21759652445359726
egu1000.fasta_00492	egu1000.fasta_00489	31.6	95	56	4	301	388	1	93	6.33e-12	56.6	40170	0.22190924836168657
egu1000.fasta_00238	egu1000.fasta_00123	99.4	158	1	0	1	158	1	158	6.5e-113	315.0	37920	1.2670531668206921
egu1000.fasta_00123	egu1000.fasta_00238	99.4	158	1	0	1	158	1	158	6.78e-113	315.0	37920	1.2670531668206921
egu1000.fasta_00377	egu1000.fasta_00368	100.0	32	0	0	29	60	17	48	1.26e-17	69.3	35217	0.288064938826162
egu1000.fasta_00368	egu1000.fasta_00377	97.0	33	1	0	16	48	28	60	1.12e-16	69.3	35217	0.288064938826162
egu1000.fasta_00046	egu1000.fasta_00205	59.6	57	23	0	8	64	78	134	7.1e-19	74.7	34320	0.31409244949080406
egu1000.fasta_00205	egu1000.fasta_00046	59.6	57	23	0	78	134	8	64	6.29e-18	72.8	34320	0.30610348491205536
egu1000.fasta_00115	egu1000.fasta_00118	41.8	134	76	2	72	204	19	151	2.0100000000000002e-29	102.0	32864	0.43722404854835306
egu1000.fasta_00118	egu1000.fasta_00115	41.8	134	76	2	19	151	72	204	1.0900000000000001e-29	102.0	32864	0.43722404854835306
egu1000.fasta_00342	egu1000.fasta_00373	69.2	195	13	1	17	164	1	195	1.1999999999999999e-95	270.0	31980	1.1714679273132542
egu1000.fasta_00373	egu1000.fasta_00342	69.2	195	13	1	1	195	17	164	2.8699999999999998e-95	269.0	31980	1.167129157212094
egu1000.fasta_00466	egu1000.fasta_00468	58.3	144	60	0	3	146	33	176	1.41e-59	178.0	28841	0.8085870959127697
egu1000.fasta_00468	egu1000.fasta_00466	58.3	144	60	0	33	176	3	146	2.54e-59	177.0	28841	0.8040444717784283
egu1000.fasta_00099	egu1000.fasta_00098	55.2	145	63	1	12	156	1	143	2.8400000000000003e-56	169.0	28417	0.7727731734615565
egu1000.fasta_00098	egu1000.fasta_00099	55.2	145	63	1	1	143	12	156	8.1e-57	171.0	28417	0.7819184181179062
egu1000.fasta_00046	egu1000.fasta_00329	50.7	71	29	1	7	77	23	87	1.25e-18	73.2	27599	0.3390890691249082
egu1000.fasta_00329	egu1000.fasta_00046	50.7	71	29	1	23	87	7	77	3.5e-17	69.7	27599	0.322875793961832
egu1000.fasta_00058	egu1000.fasta_00193	37.9	132	64	4	10	129	67	192	1.2599999999999999e-25	91.3	27126	0.42619660567656475
egu1000.fasta_00193	egu1000.fasta_00058	37.9	132	64	4	67	192	10	129	1.1099999999999999e-23	86.7	27126	0.4047233922470774
egu1000.fasta_00303	egu1000.fasta_00051	45.8	142	67	5	37	178	3	134	1.1800000000000001e-32	108.0	23852	0.5338122329025412
egu1000.fasta_00051	egu1000.fasta_00303	47.2	123	57	4	20	134	56	178	6.29e-33	109.0	23852	0.5387549387627499
egu1000.fasta_00418	egu1000.fasta_00422	100.0	82	0	0	73	154	1	82	2.0799999999999998e-60	181.0	22386	0.9202085708501728
egu1000.fasta_00422	egu1000.fasta_00418	100.0	82	0	0	1	82	73	154	3.11e-61	182.0	22386	0.9252925961034887
egu1000.fasta_00422	egu1000.fasta_00424	97.6	82	2	0	1	82	73	154	5.049999999999999e-60	179.0	22386	0.9100405203435411
egu1000.fasta_00424	egu1000.fasta_00422	97.6	82	2	0	73	154	1	82	1.6800000000000001e-59	179.0	22386	0.9100405203435411
egu1000.fasta_00321	egu1000.fasta_00305	63.4	123	7	3	1	85	1	123	3.44e-41	127.0	13056	0.8205006404590641
egu1000.fasta_00305	egu1000.fasta_00321	63.4	123	7	3	1	123	1	85	1.43e-39	123.0	13056	0.7946581006020857
egu1000.fasta_00264	egu1000.fasta_00265	54.1	98	38	3	1	94	6	100	2.23e-36	114.0	10296	0.8184985905708809
egu1000.fasta_00265	egu1000.fasta_00264	54.4	90	38	2	14	100	5	94	9.54e-36	112.0	10296	0.8041389661749005
egu1000.fasta_00183	egu1000.fasta_00177	80.6	67	13	0	1	67	41	107	1.8599999999999997e-30	98.6	8400	0.7749464294379145
egu1000.fasta_00177	egu1000.fasta_00183	80.6	67	13	0	41	107	1	67	2.2800000000000002e-29	96.3	8400	0.7568695857492004
