egu1000.fasta_00000	egu1000.fasta_00000	100	800	0	0	1	800	1	800	0.0	1300
egu1000.fasta_00001	egu1000.fasta_00001	100	961	0	0	1	961	1	961	0.0	1800
egu1000.fasta_00002	egu1000.fasta_00002	100	463	0	0	1	463	1	463	0.0	919
egu1000.fasta_00003	egu1000.fasta_00003	100	234	0	0	1	234	1	234	8.84e-180	487
egu1000.fasta_00004	egu1000.fasta_00004	100	222	0	0	1	222	1	222	4.85e-153	419
egu1000.fasta_00005	egu1000.fasta_00005	100	1423	0	0	1	1423	1	1423	0.0	2736
egu1000.fasta_00006	egu1000.fasta_00006	100	138	0	0	1	138	1	138	8.50e-97	270
egu1000.fasta_00007	egu1000.fasta_00007	100	205	0	0	1	205	1	205	4.94e-149	407
egu1000.fasta_00008	egu1000.fasta_00008	100	657	0	0	1	657	1	657	0.0	1240
egu1000.fasta_00009	egu1000.fasta_00009	100	369	0	0	1	369	1	369	1.57e-284	763
egu1000.fasta_00010	egu1000.fasta_00010	100	170	0	0	1	170	1	170	7.62e-129	353
egu1000.fasta_00011	egu1000.fasta_00011	100	557	0	0	1	557	1	557	0.0	998
egu1000.fasta_00012	egu1000.fasta_00012	100	221	0	0	1	221	1	221	1.64e-123	344
egu1000.fasta_00013	egu1000.fasta_00013	100	493	0	0	1	493	1	493	0.0	958
egu1000.fasta_00014	egu1000.fasta_00014	100	701	0	0	1	701	1	701	0.0	1353
egu1000.fasta_00015	egu1000.fasta_00015	100	291	0	0	1	291	1	291	5.00e-219	591
egu1000.fasta_00016	egu1000.fasta_00016	100	444	0	0	1	444	1	444	0.0	871
egu1000.fasta_00017	egu1000.fasta_00017	100	716	0	0	1	716	1	716	0.0	1409
egu1000.fasta_00018	egu1000.fasta_00018	100	562	0	0	1	562	1	562	0.0	1125
egu1000.fasta_00019	egu1000.fasta_00019	100	576	0	0	1	576	1	576	0.0	1169
egu1000.fasta_00020	egu1000.fasta_00020	100	302	0	0	1	302	1	302	6.88e-227	612
egu1000.fasta_00021	egu1000.fasta_00021	100	202	0	0	1	202	1	202	6.73e-141	386
egu1000.fasta_00022	egu1000.fasta_00022	100	390	0	0	1	390	1	390	2.72e-282	759
egu1000.fasta_00022	egu1000.fasta_00383	58.5	390	149	5	1	385	2	383	1.88e-153	433
egu1000.fasta_00023	egu1000.fasta_00023	100	536	0	0	1	536	1	536	0.0	1043
egu1000.fasta_00024	egu1000.fasta_00024	100	430	0	0	1	430	1	430	0.0	880
egu1000.fasta_00024	egu1000.fasta_00025	50.1	397	174	6	49	427	96	486	6.42e-136	394
egu1000.fasta_00024	egu1000.fasta_00207	40.3	360	202	5	72	423	238	592	1.60e-90	281
egu1000.fasta_00025	egu1000.fasta_00025	100	488	0	0	1	488	1	488	0.0	972
egu1000.fasta_00025	egu1000.fasta_00024	49.5	390	180	4	100	487	54	428	1.46e-135	393
egu1000.fasta_00025	egu1000.fasta_00208	45.1	348	181	5	140	483	223	564	1.93e-104	318
egu1000.fasta_00025	egu1000.fasta_00207	44.1	347	184	5	141	483	253	593	5.80e-100	307
egu1000.fasta_00026	egu1000.fasta_00026	100	471	0	0	1	471	1	471	0.0	917
egu1000.fasta_00027	egu1000.fasta_00027	100	1689	0	0	1	1689	1	1689	0.0	2952
egu1000.fasta_00028	egu1000.fasta_00028	100	220	0	0	1	220	1	220	2.51e-154	422
egu1000.fasta_00029	egu1000.fasta_00029	100	135	0	0	1	135	1	135	3.49e-90	253
egu1000.fasta_00030	egu1000.fasta_00030	100	61	0	0	1	61	1	61	7.14e-24	84.7
egu1000.fasta_00031	egu1000.fasta_00031	100	724	0	0	1	724	1	724	0.0	1283
egu1000.fasta_00032	egu1000.fasta_00032	100	836	0	0	1	836	1	836	0.0	1063
egu1000.fasta_00033	egu1000.fasta_00033	100	632	0	0	1	632	1	632	0.0	1274
egu1000.fasta_00034	egu1000.fasta_00034	100	217	0	0	1	217	1	217	2.45e-123	343
egu1000.fasta_00035	egu1000.fasta_00035	100	254	0	0	1	254	1	254	2.01e-195	528
egu1000.fasta_00036	egu1000.fasta_00036	100	343	0	0	1	343	1	343	3.47e-243	657
egu1000.fasta_00037	egu1000.fasta_00037	100	655	0	0	1	655	1	655	8.24e-304	836
egu1000.fasta_00038	egu1000.fasta_00038	100	607	0	0	1	607	1	607	0.0	1169
egu1000.fasta_00039	egu1000.fasta_00039	100	409	0	0	1	409	1	409	2.34e-304	817
egu1000.fasta_00040	egu1000.fasta_00040	100	315	0	0	1	315	1	315	8.84e-241	648
egu1000.fasta_00041	egu1000.fasta_00041	100	481	0	0	1	481	1	481	3.19e-318	858
egu1000.fasta_00042	egu1000.fasta_00042	100	311	0	0	1	311	1	311	1.69e-227	614
egu1000.fasta_00042	egu1000.fasta_00391	26.6	252	139	8	99	307	74	322	5.13e-14	66.2
egu1000.fasta_00043	egu1000.fasta_00043	100	423	0	0	1	423	1	423	2.33e-270	732
egu1000.fasta_00044	egu1000.fasta_00044	100	660	0	0	1	660	1	660	0.0	937
egu1000.fasta_00045	egu1000.fasta_00045	100	175	0	0	1	175	1	175	2.01e-131	360
egu1000.fasta_00046	egu1000.fasta_00046	100	143	0	0	1	143	1	143	1.76e-105	292
egu1000.fasta_00046	egu1000.fasta_00205	59.6	57	23	0	8	64	78	134	7.10e-19	74.7
egu1000.fasta_00046	egu1000.fasta_00329	50.7	71	29	1	7	77	23	87	1.25e-18	73.2
egu1000.fasta_00047	egu1000.fasta_00047	100	1196	0	0	1	1196	1	1196	0.0	2408
egu1000.fasta_00048	egu1000.fasta_00048	100	313	0	0	1	313	1	313	8.73e-231	623
egu1000.fasta_00049	egu1000.fasta_00049	100	640	0	0	1	640	1	640	0.0	1273
egu1000.fasta_00049	egu1000.fasta_00324	38.7	300	176	5	320	611	196	495	2.37e-66	221
egu1000.fasta_00049	egu1000.fasta_00496	38.8	289	163	6	321	596	95	382	1.45e-61	206
egu1000.fasta_00049	egu1000.fasta_00070	34.9	298	182	5	321	610	638	931	1.15e-50	184
egu1000.fasta_00049	egu1000.fasta_00211	35.6	312	188	5	321	619	440	751	5.67e-50	180
egu1000.fasta_00049	egu1000.fasta_00180	34.0	291	169	6	331	600	427	715	3.71e-49	177
egu1000.fasta_00049	egu1000.fasta_00209	33.4	311	197	4	319	619	407	717	1.69e-48	176
egu1000.fasta_00049	egu1000.fasta_00448	32.1	327	194	8	321	638	459	766	8.77e-45	165
egu1000.fasta_00049	egu1000.fasta_00447	29.2	257	167	7	334	580	323	574	7.92e-30	119
egu1000.fasta_00049	egu1000.fasta_00089	31.1	206	121	8	337	526	172	372	3.49e-17	79.0
egu1000.fasta_00049	egu1000.fasta_00194	24.5	241	159	8	360	589	719	947	1.93e-14	71.2
egu1000.fasta_00049	egu1000.fasta_00108	24.0	204	138	5	291	480	42	242	4.07e-11	60.1
egu1000.fasta_00050	egu1000.fasta_00050	100	351	0	0	1	351	1	351	2.87e-246	665
egu1000.fasta_00051	egu1000.fasta_00051	100	134	0	0	1	134	1	134	3.24e-99	275
egu1000.fasta_00051	egu1000.fasta_00303	47.2	123	57	4	20	134	56	178	6.29e-33	109
egu1000.fasta_00052	egu1000.fasta_00052	100	384	0	0	1	384	1	384	4.68e-280	753
egu1000.fasta_00053	egu1000.fasta_00053	100	159	0	0	1	159	1	159	5.80e-96	269
egu1000.fasta_00054	egu1000.fasta_00054	100	404	0	0	1	404	1	404	7.83e-305	818
egu1000.fasta_00055	egu1000.fasta_00055	100	258	0	0	1	258	1	258	3.40e-180	490
egu1000.fasta_00056	egu1000.fasta_00056	100	74	0	0	1	74	1	74	5.41e-52	151
egu1000.fasta_00057	egu1000.fasta_00057	100	517	0	0	1	517	1	517	0.0	1002
egu1000.fasta_00058	egu1000.fasta_00058	100	137	0	0	1	137	1	137	1.04e-101	282
egu1000.fasta_00058	egu1000.fasta_00193	37.9	132	64	4	10	129	67	192	1.26e-25	91.3
egu1000.fasta_00059	egu1000.fasta_00059	100	147	0	0	1	147	1	147	4.28e-108	299
egu1000.fasta_00060	egu1000.fasta_00060	100	299	0	0	1	299	1	299	3.64e-216	585
egu1000.fasta_00060	egu1000.fasta_00061	67.1	289	91	3	11	298	40	325	8.06e-132	372
egu1000.fasta_00061	egu1000.fasta_00061	100	329	0	0	1	329	1	329	2.26e-241	651
egu1000.fasta_00061	egu1000.fasta_00060	66.3	294	95	3	35	325	6	298	6.26e-132	373
egu1000.fasta_00062	egu1000.fasta_00062	100	391	0	0	1	391	1	391	1.73e-290	780
egu1000.fasta_00063	egu1000.fasta_00063	100	66	0	0	1	66	1	66	1.09e-43	130
egu1000.fasta_00064	egu1000.fasta_00064	100	415	0	0	1	415	1	415	5.39e-313	839
egu1000.fasta_00065	egu1000.fasta_00065	100	495	0	0	1	495	1	495	0.0	1006
egu1000.fasta_00066	egu1000.fasta_00066	100	236	0	0	1	236	1	236	2.04e-161	441
egu1000.fasta_00066	egu1000.fasta_00432	41.0	61	35	1	74	134	27	86	3.14e-07	43.1
egu1000.fasta_00067	egu1000.fasta_00067	100	1517	0	0	1	1517	1	1517	0.0	2807
egu1000.fasta_00068	egu1000.fasta_00068	100	72	0	0	1	72	1	72	6.92e-54	156
egu1000.fasta_00069	egu1000.fasta_00069	100	285	0	0	1	285	1	285	1.32e-211	572
egu1000.fasta_00070	egu1000.fasta_00070	100	981	0	0	1	981	1	981	0.0	1032
egu1000.fasta_00070	egu1000.fasta_00209	40.3	293	167	3	641	926	412	703	9.07e-55	198
egu1000.fasta_00070	egu1000.fasta_00180	39.7	295	158	7	642	917	421	714	1.07e-52	192
egu1000.fasta_00070	egu1000.fasta_00211	39.4	277	161	2	642	912	444	719	3.81e-51	187
egu1000.fasta_00070	egu1000.fasta_00324	37.8	294	172	5	634	918	193	484	7.70e-51	182
egu1000.fasta_00070	egu1000.fasta_00049	34.9	298	182	5	638	931	321	610	1.05e-49	181
egu1000.fasta_00070	egu1000.fasta_00496	37.6	298	165	8	647	928	104	396	6.40e-47	169
egu1000.fasta_00070	egu1000.fasta_00447	28.5	425	275	14	529	937	202	613	2.58e-39	150
egu1000.fasta_00070	egu1000.fasta_00448	33.5	281	173	5	638	913	459	730	3.04e-38	148
egu1000.fasta_00070	egu1000.fasta_00136	30.9	269	162	8	656	919	609	858	7.96e-26	108
egu1000.fasta_00070	egu1000.fasta_00194	26.9	394	240	13	545	920	597	960	2.14e-23	101
egu1000.fasta_00070	egu1000.fasta_00089	29.5	275	174	8	654	917	172	437	5.60e-22	94.7
egu1000.fasta_00070	egu1000.fasta_00184	27.8	198	128	8	656	846	28	217	3.36e-09	53.9
egu1000.fasta_00071	egu1000.fasta_00071	100	890	0	0	1	890	1	890	0.0	1676
egu1000.fasta_00071	egu1000.fasta_00441	23.3	559	327	16	354	847	156	677	3.39e-24	103
egu1000.fasta_00072	egu1000.fasta_00072	100	106	0	0	1	106	1	106	1.65e-81	228
egu1000.fasta_00073	egu1000.fasta_00073	100	254	0	0	1	254	1	254	3.86e-184	500
egu1000.fasta_00074	egu1000.fasta_00074	100	762	0	0	1	762	1	762	0.0	1474
egu1000.fasta_00075	egu1000.fasta_00075	100	340	0	0	1	340	1	340	1.09e-249	673
egu1000.fasta_00076	egu1000.fasta_00076	100	221	0	0	1	221	1	221	2.52e-159	434
egu1000.fasta_00077	egu1000.fasta_00077	100	238	0	0	1	238	1	238	3.02e-164	448
egu1000.fasta_00078	egu1000.fasta_00078	100	963	0	0	1	963	1	963	0.0	1302
egu1000.fasta_00079	egu1000.fasta_00079	100	525	0	0	1	525	1	525	0.0	1080
egu1000.fasta_00080	egu1000.fasta_00080	100	393	0	0	1	393	1	393	3.43e-250	679
egu1000.fasta_00081	egu1000.fasta_00081	100	655	0	0	1	655	1	655	0.0	1305
egu1000.fasta_00082	egu1000.fasta_00082	100	221	0	0	1	221	1	221	5.70e-156	426
egu1000.fasta_00083	egu1000.fasta_00083	100	418	0	0	1	418	1	418	0.0	881
egu1000.fasta_00083	egu1000.fasta_00480	37.0	308	162	12	39	337	33	317	3.34e-49	166
egu1000.fasta_00084	egu1000.fasta_00084	100	440	0	0	1	440	1	440	8.00e-282	763
egu1000.fasta_00084	egu1000.fasta_00085	94.6	260	10	1	10	269	70	325	6.99e-166	467
egu1000.fasta_00085	egu1000.fasta_00085	100	385	0	0	1	385	1	385	8.51e-288	773
egu1000.fasta_00085	egu1000.fasta_00084	94.6	260	10	1	70	325	10	269	3.04e-166	468
egu1000.fasta_00086	egu1000.fasta_00086	100	352	0	0	1	352	1	352	3.94e-249	672
egu1000.fasta_00087	egu1000.fasta_00087	100	749	0	0	1	749	1	749	0.0	1452
egu1000.fasta_00087	egu1000.fasta_00088	76.8	751	132	10	10	746	9	731	0.0	1062
egu1000.fasta_00088	egu1000.fasta_00088	100	737	0	0	1	737	1	737	0.0	1422
egu1000.fasta_00088	egu1000.fasta_00087	76.8	751	132	10	9	731	10	746	0.0	1063
egu1000.fasta_00089	egu1000.fasta_00089	100	449	0	0	1	449	1	449	0.0	901
egu1000.fasta_00089	egu1000.fasta_00324	33.0	203	122	5	176	373	217	410	3.90e-24	99.4
egu1000.fasta_00089	egu1000.fasta_00070	29.3	276	175	8	172	438	654	918	1.92e-22	95.1
egu1000.fasta_00089	egu1000.fasta_00496	33.5	161	96	5	215	372	158	310	2.54e-20	87.4
egu1000.fasta_00089	egu1000.fasta_00049	31.1	206	121	8	172	372	337	526	1.38e-17	79.7
egu1000.fasta_00089	egu1000.fasta_00194	24.5	151	98	4	224	373	741	876	2.06e-07	47.8
egu1000.fasta_00090	egu1000.fasta_00090	100	412	0	0	1	412	1	412	9.37e-253	687
egu1000.fasta_00091	egu1000.fasta_00091	100	337	0	0	1	337	1	337	3.23e-245	661
egu1000.fasta_00092	egu1000.fasta_00092	100	559	0	0	1	559	1	559	3.38e-247	685
egu1000.fasta_00093	egu1000.fasta_00093	100	318	0	0	1	318	1	318	1.01e-227	615
egu1000.fasta_00094	egu1000.fasta_00094	100	483	0	0	1	483	1	483	1.11e-296	804
egu1000.fasta_00094	egu1000.fasta_00095	59.6	438	155	8	66	483	31	466	7.44e-107	321
egu1000.fasta_00094	egu1000.fasta_00097	47.1	399	194	4	75	460	2	396	5.71e-60	197
egu1000.fasta_00094	egu1000.fasta_00096	47.8	157	79	2	300	453	228	384	4.14e-35	130
egu1000.fasta_00095	egu1000.fasta_00095	100	466	0	0	1	466	1	466	4.24e-246	674
egu1000.fasta_00095	egu1000.fasta_00094	59.6	438	155	8	31	466	66	483	1.43e-106	320
egu1000.fasta_00095	egu1000.fasta_00097	43.6	282	139	5	166	441	129	396	2.29e-63	206
egu1000.fasta_00095	egu1000.fasta_00096	51.8	164	79	0	278	441	228	391	1.81e-44	155
egu1000.fasta_00096	egu1000.fasta_00096	100	415	0	0	1	415	1	415	3.16e-194	539
egu1000.fasta_00096	egu1000.fasta_00095	51.8	164	79	0	228	391	278	441	1.63e-47	164
egu1000.fasta_00096	egu1000.fasta_00097	41.1	197	113	2	200	393	202	398	1.35e-44	155
egu1000.fasta_00096	egu1000.fasta_00094	46.3	164	85	2	228	391	300	460	1.24e-38	140
egu1000.fasta_00097	egu1000.fasta_00097	100	420	0	0	1	420	1	420	3.92e-235	643
egu1000.fasta_00097	egu1000.fasta_00095	43.6	282	139	5	129	396	166	441	7.51e-64	207
egu1000.fasta_00097	egu1000.fasta_00094	47.1	399	194	4	2	396	75	460	2.42e-61	201
egu1000.fasta_00097	egu1000.fasta_00096	41.2	194	111	2	205	398	203	393	2.63e-43	151
egu1000.fasta_00098	egu1000.fasta_00098	100	181	0	0	1	181	1	181	5.67e-125	344
egu1000.fasta_00098	egu1000.fasta_00099	55.2	145	63	1	1	143	12	156	8.10e-57	171
egu1000.fasta_00099	egu1000.fasta_00099	100	157	0	0	1	157	1	157	4.69e-110	305
egu1000.fasta_00099	egu1000.fasta_00098	55.2	145	63	1	12	156	1	143	2.84e-56	169
egu1000.fasta_00100	egu1000.fasta_00100	100	501	0	0	1	501	1	501	0.0	975
egu1000.fasta_00101	egu1000.fasta_00101	100	182	0	0	1	182	1	182	8.40e-132	362
egu1000.fasta_00102	egu1000.fasta_00102	100	386	0	0	1	386	1	386	1.42e-291	783
egu1000.fasta_00103	egu1000.fasta_00103	100	92	0	0	1	92	1	92	1.41e-71	202
egu1000.fasta_00104	egu1000.fasta_00104	100	879	0	0	1	879	1	879	0.0	1745
egu1000.fasta_00105	egu1000.fasta_00105	100	491	0	0	1	491	1	491	0.0	939
egu1000.fasta_00105	egu1000.fasta_00398	34.5	307	143	7	180	485	35	284	1.88e-43	150
egu1000.fasta_00105	egu1000.fasta_00152	34.9	215	118	6	228	423	69	280	1.03e-24	99.4
egu1000.fasta_00106	egu1000.fasta_00106	100	142	0	0	1	142	1	142	2.82e-106	294
egu1000.fasta_00107	egu1000.fasta_00107	100	105	0	0	1	105	1	105	8.28e-68	194
egu1000.fasta_00108	egu1000.fasta_00108	100	530	0	0	1	530	1	530	0.0	1065
egu1000.fasta_00108	egu1000.fasta_00333	29.1	347	189	12	87	430	6	298	9.53e-34	127
egu1000.fasta_00108	egu1000.fasta_00184	25.8	267	140	6	90	349	19	234	2.96e-16	74.3
egu1000.fasta_00108	egu1000.fasta_00049	22.7	247	134	6	92	333	332	526	2.16e-09	54.3
egu1000.fasta_00108	egu1000.fasta_00448	24.6	175	86	4	168	336	539	673	2.54e-07	47.8
egu1000.fasta_00109	egu1000.fasta_00109	100	487	0	0	1	487	1	487	0.0	888
egu1000.fasta_00110	egu1000.fasta_00110	100	173	0	0	1	173	1	173	1.65e-120	332
egu1000.fasta_00111	egu1000.fasta_00111	100	173	0	0	1	173	1	173	2.26e-127	350
egu1000.fasta_00112	egu1000.fasta_00112	100	119	0	0	1	119	1	119	6.47e-58	170
egu1000.fasta_00113	egu1000.fasta_00113	100	344	0	0	1	344	1	344	2.76e-245	662
egu1000.fasta_00114	egu1000.fasta_00114	100	209	0	0	1	209	1	209	3.74e-64	192
egu1000.fasta_00115	egu1000.fasta_00115	100	208	0	0	1	208	1	208	4.71e-144	395
egu1000.fasta_00115	egu1000.fasta_00118	41.8	134	76	2	72	204	19	151	2.01e-29	102
egu1000.fasta_00116	egu1000.fasta_00116	100	374	0	0	1	374	1	374	6.58e-275	739
egu1000.fasta_00117	egu1000.fasta_00117	100	555	0	0	1	555	1	555	0.0	1093
egu1000.fasta_00117	egu1000.fasta_00252	36.8	513	304	7	29	536	23	520	1.53e-93	291
egu1000.fasta_00117	egu1000.fasta_00179	33.9	495	284	6	39	533	144	595	3.85e-90	284
egu1000.fasta_00117	egu1000.fasta_00444	34.4	436	257	8	82	504	47	466	8.91e-57	192
egu1000.fasta_00117	egu1000.fasta_00251	24.3	493	294	8	38	492	25	476	2.59e-39	145
egu1000.fasta_00118	egu1000.fasta_00118	100	158	0	0	1	158	1	158	2.94e-118	325
egu1000.fasta_00118	egu1000.fasta_00115	41.8	134	76	2	19	151	72	204	1.09e-29	102
egu1000.fasta_00119	egu1000.fasta_00119	100	115	0	0	1	115	1	115	8.52e-86	240
egu1000.fasta_00120	egu1000.fasta_00120	100	437	0	0	1	437	1	437	0.0	889
egu1000.fasta_00121	egu1000.fasta_00121	100	448	0	0	1	448	1	448	1.52e-267	727
egu1000.fasta_00121	egu1000.fasta_00124	96.2	371	14	0	78	448	3	373	3.65e-196	543
egu1000.fasta_00122	egu1000.fasta_00122	100	526	0	0	1	526	1	526	0.0	1049
egu1000.fasta_00122	egu1000.fasta_00237	98.6	496	7	0	31	526	1	496	0.0	984
egu1000.fasta_00122	egu1000.fasta_00387	25.1	466	284	16	74	520	88	507	2.46e-29	115
egu1000.fasta_00122	egu1000.fasta_00386	24.3	482	290	14	59	510	71	507	3.63e-28	112
egu1000.fasta_00122	egu1000.fasta_00348	22.5	479	338	13	42	507	33	491	4.28e-24	100
egu1000.fasta_00123	egu1000.fasta_00123	100	237	0	0	1	237	1	237	1.46e-175	477
egu1000.fasta_00123	egu1000.fasta_00238	99.4	158	1	0	1	158	1	158	6.78e-113	315
egu1000.fasta_00123	egu1000.fasta_00475	32.6	178	94	5	13	179	12	174	1.44e-23	90.5
egu1000.fasta_00124	egu1000.fasta_00124	100	373	0	0	1	373	1	373	3.96e-202	555
egu1000.fasta_00124	egu1000.fasta_00121	96.2	371	14	0	3	373	78	448	1.85e-197	546
egu1000.fasta_00125	egu1000.fasta_00125	100	175	0	0	1	175	1	175	1.20e-123	340
egu1000.fasta_00126	egu1000.fasta_00126	100	537	0	0	1	537	1	537	0.0	968
egu1000.fasta_00127	egu1000.fasta_00127	100	285	0	0	1	285	1	285	7.31e-209	565
egu1000.fasta_00128	egu1000.fasta_00128	100	484	0	0	1	484	1	484	0.0	966
egu1000.fasta_00129	egu1000.fasta_00129	100	447	0	0	1	447	1	447	0.0	950
egu1000.fasta_00130	egu1000.fasta_00130	100	217	0	0	1	217	1	217	1.22e-139	384
egu1000.fasta_00131	egu1000.fasta_00131	100	276	0	0	1	276	1	276	2.56e-184	502
egu1000.fasta_00132	egu1000.fasta_00132	100	369	0	0	1	369	1	369	2.34e-222	606
egu1000.fasta_00133	egu1000.fasta_00133	100	258	0	0	1	258	1	258	5.04e-182	495
egu1000.fasta_00134	egu1000.fasta_00134	100	411	0	0	1	411	1	411	9.39e-296	795
egu1000.fasta_00135	egu1000.fasta_00135	100	1030	0	0	1	1030	1	1030	0.0	2053
egu1000.fasta_00136	egu1000.fasta_00136	100	871	0	0	1	871	1	871	0.0	1713
egu1000.fasta_00136	egu1000.fasta_00324	37.2	196	111	7	608	794	214	406	2.87e-29	117
egu1000.fasta_00136	egu1000.fasta_00448	30.8	286	167	10	597	861	465	740	5.95e-27	112
egu1000.fasta_00136	egu1000.fasta_00070	30.9	269	162	8	609	858	656	919	7.82e-27	112
egu1000.fasta_00136	egu1000.fasta_00180	29.7	283	153	8	609	852	435	710	2.40e-24	103
egu1000.fasta_00137	egu1000.fasta_00137	100	250	0	0	1	250	1	250	1.86e-164	450
egu1000.fasta_00138	egu1000.fasta_00138	100	415	0	0	1	415	1	415	3.09e-287	774
egu1000.fasta_00139	egu1000.fasta_00139	100	585	0	0	1	585	1	585	0.0	1060
egu1000.fasta_00140	egu1000.fasta_00140	100	171	0	0	1	171	1	171	9.24e-126	345
egu1000.fasta_00141	egu1000.fasta_00141	100	470	0	0	1	470	1	470	0.0	889
egu1000.fasta_00142	egu1000.fasta_00142	100	347	0	0	1	347	1	347	8.09e-260	699
egu1000.fasta_00143	egu1000.fasta_00143	100	513	0	0	1	513	1	513	0.0	1005
egu1000.fasta_00144	egu1000.fasta_00144	100	216	0	0	1	216	1	216	1.16e-157	430
egu1000.fasta_00145	egu1000.fasta_00145	100	600	0	0	1	600	1	600	0.0	997
egu1000.fasta_00146	egu1000.fasta_00146	100	761	0	0	1	761	1	761	0.0	1476
egu1000.fasta_00147	egu1000.fasta_00147	100	529	0	0	1	529	1	529	0.0	1058
egu1000.fasta_00148	egu1000.fasta_00148	100	204	0	0	1	204	1	204	4.96e-153	417
egu1000.fasta_00149	egu1000.fasta_00149	100	479	0	0	1	479	1	479	1.77e-284	773
egu1000.fasta_00149	egu1000.fasta_00150	84.0	480	75	1	1	478	1	480	7.31e-235	647
egu1000.fasta_00150	egu1000.fasta_00150	100	480	0	0	1	480	1	480	3.87e-277	754
egu1000.fasta_00150	egu1000.fasta_00149	84.0	480	75	1	1	480	1	478	1.81e-235	649
egu1000.fasta_00151	egu1000.fasta_00151	100	274	0	0	1	274	1	274	2.17e-200	543
egu1000.fasta_00152	egu1000.fasta_00152	100	326	0	0	1	326	1	326	2.43e-239	645
egu1000.fasta_00152	egu1000.fasta_00105	34.9	215	118	6	69	280	228	423	7.89e-24	96.3
egu1000.fasta_00152	egu1000.fasta_00398	30.7	231	126	8	73	302	67	264	8.94e-21	85.5
egu1000.fasta_00152	egu1000.fasta_00360	28.1	256	116	10	71	281	52	284	7.02e-17	75.1
egu1000.fasta_00153	egu1000.fasta_00153	100	249	0	0	1	249	1	249	2.28e-169	462
egu1000.fasta_00154	egu1000.fasta_00154	100	484	0	0	1	484	1	484	0.0	994
egu1000.fasta_00155	egu1000.fasta_00155	100	301	0	0	1	301	1	301	1.39e-159	442
egu1000.fasta_00156	egu1000.fasta_00156	100	65	0	0	1	65	1	65	2.09e-34	106
egu1000.fasta_00157	egu1000.fasta_00157	100	385	0	0	1	385	1	385	7.08e-296	793
egu1000.fasta_00158	egu1000.fasta_00158	100	166	0	0	1	166	1	166	8.30e-131	358
egu1000.fasta_00159	egu1000.fasta_00159	100	337	0	0	1	337	1	337	1.09e-252	680
egu1000.fasta_00160	egu1000.fasta_00160	100	338	0	0	1	338	1	338	4.67e-259	696
egu1000.fasta_00161	egu1000.fasta_00161	100	543	0	0	1	543	1	543	0.0	1034
egu1000.fasta_00162	egu1000.fasta_00162	100	213	0	0	1	213	1	213	1.10e-140	387
egu1000.fasta_00163	egu1000.fasta_00163	100	248	0	0	1	248	1	248	1.19e-175	478
egu1000.fasta_00163	egu1000.fasta_00231	33.6	113	66	3	11	123	86	189	3.58e-18	78.2
egu1000.fasta_00164	egu1000.fasta_00164	100	375	0	0	1	375	1	375	1.77e-284	764
egu1000.fasta_00165	egu1000.fasta_00165	100	1106	0	0	1	1106	1	1106	0.0	2189
egu1000.fasta_00166	egu1000.fasta_00166	100	562	0	0	1	562	1	562	0.0	1091
egu1000.fasta_00167	egu1000.fasta_00167	100	1448	0	0	1	1448	1	1448	0.0	2807
egu1000.fasta_00168	egu1000.fasta_00168	100	140	0	0	1	140	1	140	8.45e-98	272
egu1000.fasta_00169	egu1000.fasta_00169	100	1957	0	0	1	1957	1	1957	0.0	3836
egu1000.fasta_00170	egu1000.fasta_00170	100	201	0	0	1	201	1	201	1.27e-149	408
egu1000.fasta_00171	egu1000.fasta_00171	100	147	0	0	1	147	1	147	4.98e-98	273
egu1000.fasta_00172	egu1000.fasta_00172	100	141	0	0	1	141	1	141	5.34e-65	189
egu1000.fasta_00173	egu1000.fasta_00173	100	294	0	0	1	294	1	294	8.97e-219	591
egu1000.fasta_00174	egu1000.fasta_00174	100	489	0	0	1	489	1	489	0.0	989
egu1000.fasta_00175	egu1000.fasta_00175	100	265	0	0	1	265	1	265	2.48e-181	494
egu1000.fasta_00176	egu1000.fasta_00176	100	131	0	0	1	131	1	131	6.11e-98	272
egu1000.fasta_00177	egu1000.fasta_00177	100	112	0	0	1	112	1	112	1.55e-73	209
egu1000.fasta_00177	egu1000.fasta_00183	80.6	67	13	0	41	107	1	67	2.28e-29	96.3
egu1000.fasta_00178	egu1000.fasta_00178	100	594	0	0	1	594	1	594	0.0	1152
egu1000.fasta_00179	egu1000.fasta_00179	100	606	0	0	1	606	1	606	0.0	1223
egu1000.fasta_00179	egu1000.fasta_00392	35.5	521	329	6	85	601	165	682	4.36e-104	326
egu1000.fasta_00179	egu1000.fasta_00252	32.4	490	296	3	142	597	31	519	4.54e-97	302
egu1000.fasta_00179	egu1000.fasta_00251	34.4	456	292	3	118	567	101	555	1.73e-93	293
egu1000.fasta_00179	egu1000.fasta_00117	33.9	495	284	6	144	595	39	533	5.51e-91	286
egu1000.fasta_00179	egu1000.fasta_00477	30.8	506	340	4	105	601	49	553	4.47e-88	281
egu1000.fasta_00179	egu1000.fasta_00444	31.4	420	240	5	191	566	51	466	4.45e-63	210
egu1000.fasta_00180	egu1000.fasta_00180	100	729	0	0	1	729	1	729	0.0	1152
egu1000.fasta_00180	egu1000.fasta_00070	39.9	291	155	7	425	714	646	917	7.98e-53	192
egu1000.fasta_00180	egu1000.fasta_00049	31.1	379	224	9	339	715	257	600	1.68e-49	179
egu1000.fasta_00180	egu1000.fasta_00496	36.2	301	167	7	427	718	105	389	3.08e-49	174
egu1000.fasta_00180	egu1000.fasta_00324	32.4	290	171	7	432	714	212	483	7.74e-44	160
egu1000.fasta_00180	egu1000.fasta_00209	31.7	363	207	9	370	713	353	693	3.51e-40	152
egu1000.fasta_00180	egu1000.fasta_00211	34.0	282	165	7	431	708	454	718	2.37e-37	144
egu1000.fasta_00180	egu1000.fasta_00448	31.9	279	154	10	435	706	477	726	4.41e-29	118
egu1000.fasta_00180	egu1000.fasta_00136	29.8	285	159	8	435	702	609	869	1.40e-23	100
egu1000.fasta_00181	egu1000.fasta_00181	100	480	0	0	1	480	1	480	0.0	944
egu1000.fasta_00182	egu1000.fasta_00182	100	222	0	0	1	222	1	222	6.96e-162	441
egu1000.fasta_00183	egu1000.fasta_00183	100	75	0	0	1	75	1	75	2.68e-48	142
egu1000.fasta_00183	egu1000.fasta_00177	80.6	67	13	0	1	67	41	107	1.86e-30	98.6
egu1000.fasta_00184	egu1000.fasta_00184	100	312	0	0	1	312	1	312	1.07e-235	635
egu1000.fasta_00184	egu1000.fasta_00324	29.3	246	141	14	2	231	197	425	7.39e-20	84.3
egu1000.fasta_00184	egu1000.fasta_00108	27.6	192	119	5	19	205	90	266	3.15e-16	73.6
egu1000.fasta_00184	egu1000.fasta_00448	28.7	254	140	12	20	253	469	701	5.72e-12	60.8
egu1000.fasta_00184	egu1000.fasta_00070	27.7	159	103	6	69	219	694	848	6.04e-10	54.7
egu1000.fasta_00185	egu1000.fasta_00185	100	141	0	0	1	141	1	141	3.86e-99	276
egu1000.fasta_00186	egu1000.fasta_00186	100	590	0	0	1	590	1	590	0.0	1165
egu1000.fasta_00187	egu1000.fasta_00187	100	253	0	0	1	253	1	253	1.30e-186	506
egu1000.fasta_00188	egu1000.fasta_00188	100	173	0	0	1	173	1	173	3.33e-120	332
egu1000.fasta_00189	egu1000.fasta_00189	100	182	0	0	1	182	1	182	3.54e-124	342
egu1000.fasta_00190	egu1000.fasta_00190	100	762	0	0	1	762	1	762	0.0	1391
egu1000.fasta_00191	egu1000.fasta_00191	100	451	0	0	1	451	1	451	0.0	868
egu1000.fasta_00192	egu1000.fasta_00192	100	396	0	0	1	396	1	396	2.11e-273	738
egu1000.fasta_00193	egu1000.fasta_00193	100	198	0	0	1	198	1	198	2.99e-142	389
egu1000.fasta_00193	egu1000.fasta_00058	37.9	132	64	4	67	192	10	129	1.11e-23	86.7
egu1000.fasta_00194	egu1000.fasta_00194	100	975	0	0	1	975	1	975	7.18e-314	887
egu1000.fasta_00194	egu1000.fasta_00070	26.9	398	235	13	597	960	545	920	4.85e-23	100
egu1000.fasta_00194	egu1000.fasta_00496	27.9	244	156	8	727	959	153	387	6.56e-19	85.1
egu1000.fasta_00194	egu1000.fasta_00324	24.6	252	165	7	727	963	248	489	2.25e-14	71.2
egu1000.fasta_00194	egu1000.fasta_00049	24.1	241	160	7	719	947	360	589	4.59e-13	67.4
egu1000.fasta_00194	egu1000.fasta_00089	24.5	151	98	4	741	876	224	373	2.35e-06	45.4
egu1000.fasta_00195	egu1000.fasta_00195	100	838	0	0	1	838	1	838	0.0	1653
egu1000.fasta_00196	egu1000.fasta_00196	100	259	0	0	1	259	1	259	1.39e-184	501
egu1000.fasta_00197	egu1000.fasta_00197	100	358	0	0	1	358	1	358	9.49e-228	619
egu1000.fasta_00198	egu1000.fasta_00198	100	241	0	0	1	241	1	241	1.70e-176	479
egu1000.fasta_00199	egu1000.fasta_00199	100	593	0	0	1	593	1	593	0.0	1183
egu1000.fasta_00200	egu1000.fasta_00200	100	503	0	0	1	503	1	503	0.0	874
egu1000.fasta_00201	egu1000.fasta_00201	100	271	0	0	1	271	1	271	5.74e-130	364
egu1000.fasta_00202	egu1000.fasta_00202	100	1001	0	0	1	1001	1	1001	0.0	1887
egu1000.fasta_00203	egu1000.fasta_00203	100	318	0	0	1	318	1	318	2.10e-220	597
egu1000.fasta_00204	egu1000.fasta_00204	100	550	0	0	1	550	1	550	0.0	1140
egu1000.fasta_00205	egu1000.fasta_00205	100	240	0	0	1	240	1	240	1.32e-143	396
egu1000.fasta_00205	egu1000.fasta_00329	50.0	78	39	0	78	155	24	101	2.50e-19	77.8
egu1000.fasta_00205	egu1000.fasta_00046	59.6	57	23	0	78	134	8	64	6.29e-18	72.8
egu1000.fasta_00206	egu1000.fasta_00206	100	210	0	0	1	210	1	210	8.96e-134	369
egu1000.fasta_00207	egu1000.fasta_00207	100	597	0	0	1	597	1	597	0.0	1179
egu1000.fasta_00207	egu1000.fasta_00208	54.8	609	208	6	12	596	2	567	4.11e-224	628
egu1000.fasta_00207	egu1000.fasta_00025	42.4	368	202	5	232	593	120	483	1.09e-98	304
egu1000.fasta_00207	egu1000.fasta_00024	40.2	361	203	5	238	593	72	424	1.58e-90	281
egu1000.fasta_00208	egu1000.fasta_00208	100	570	0	0	1	570	1	570	0.0	1134
egu1000.fasta_00208	egu1000.fasta_00207	55.0	609	207	7	2	567	12	596	5.17e-227	635
egu1000.fasta_00208	egu1000.fasta_00025	45.1	348	181	5	223	564	140	483	9.79e-103	314
egu1000.fasta_00209	egu1000.fasta_00209	100	727	0	0	1	727	1	727	0.0	1441
egu1000.fasta_00209	egu1000.fasta_00211	73.6	723	166	9	19	719	34	753	0.0	1036
egu1000.fasta_00209	egu1000.fasta_00496	39.9	303	159	9	409	697	95	388	4.90e-56	192
egu1000.fasta_00209	egu1000.fasta_00070	40.3	293	167	3	412	703	641	926	3.70e-55	199
egu1000.fasta_00209	egu1000.fasta_00324	35.4	305	187	6	409	705	197	499	3.72e-51	181
egu1000.fasta_00209	egu1000.fasta_00049	34.6	286	180	3	407	692	319	597	4.81e-48	174
egu1000.fasta_00209	egu1000.fasta_00448	37.6	290	161	6	407	691	457	731	3.79e-45	167
egu1000.fasta_00209	egu1000.fasta_00180	33.0	303	180	6	409	695	420	715	4.68e-40	152
egu1000.fasta_00210	egu1000.fasta_00210	100	243	0	0	1	243	1	243	4.18e-178	484
egu1000.fasta_00211	egu1000.fasta_00211	100	760	0	0	1	760	1	760	0.0	1533
egu1000.fasta_00211	egu1000.fasta_00209	73.3	726	169	9	34	756	19	722	0.0	1040
egu1000.fasta_00211	egu1000.fasta_00496	38.0	334	179	8	426	745	77	396	4.93e-55	190
egu1000.fasta_00211	egu1000.fasta_00324	36.3	295	183	4	440	731	197	489	4.21e-52	184
egu1000.fasta_00211	egu1000.fasta_00070	39.4	277	161	2	444	719	642	912	2.20e-51	188
egu1000.fasta_00211	egu1000.fasta_00049	35.7	300	182	4	425	719	301	594	1.69e-49	179
egu1000.fasta_00211	egu1000.fasta_00448	37.3	327	167	11	440	743	459	770	2.09e-45	169
egu1000.fasta_00211	egu1000.fasta_00180	34.6	283	162	8	454	718	431	708	2.47e-37	144
egu1000.fasta_00212	egu1000.fasta_00212	100	582	0	0	1	582	1	582	0.0	1191
egu1000.fasta_00213	egu1000.fasta_00213	100	501	0	0	1	501	1	501	5.55e-320	864
egu1000.fasta_00214	egu1000.fasta_00214	100	372	0	0	1	372	1	372	9.58e-267	719
egu1000.fasta_00215	egu1000.fasta_00215	100	486	0	0	1	486	1	486	2.21e-293	796
egu1000.fasta_00216	egu1000.fasta_00216	100	246	0	0	1	246	1	246	8.74e-177	481
egu1000.fasta_00217	egu1000.fasta_00217	100	401	0	0	1	401	1	401	4.80e-293	788
egu1000.fasta_00218	egu1000.fasta_00218	100	354	0	0	1	354	1	354	1.70e-260	701
egu1000.fasta_00219	egu1000.fasta_00219	100	494	0	0	1	494	1	494	0.0	1056
egu1000.fasta_00220	egu1000.fasta_00220	100	110	0	0	1	110	1	110	7.96e-29	95.9
egu1000.fasta_00221	egu1000.fasta_00221	100	406	0	0	1	406	1	406	9.41e-298	800
egu1000.fasta_00222	egu1000.fasta_00222	100	829	0	0	1	829	1	829	0.0	1608
egu1000.fasta_00223	egu1000.fasta_00223	100	486	0	0	1	486	1	486	0.0	949
egu1000.fasta_00224	egu1000.fasta_00224	100	430	0	0	1	430	1	430	2.71e-316	849
egu1000.fasta_00225	egu1000.fasta_00225	100	157	0	0	1	157	1	157	3.87e-118	325
egu1000.fasta_00226	egu1000.fasta_00226	100	658	0	0	1	658	1	658	0.0	1138
egu1000.fasta_00227	egu1000.fasta_00227	100	398	0	0	1	398	1	398	7.87e-286	769
egu1000.fasta_00228	egu1000.fasta_00228	100	301	0	0	1	301	1	301	8.57e-216	584
egu1000.fasta_00229	egu1000.fasta_00229	100	518	0	0	1	518	1	518	0.0	1039
egu1000.fasta_00230	egu1000.fasta_00230	100	373	0	0	1	373	1	373	1.77e-283	761
egu1000.fasta_00231	egu1000.fasta_00231	100	975	0	0	1	975	1	975	0.0	1899
egu1000.fasta_00231	egu1000.fasta_00163	34.5	110	63	3	89	189	14	123	3.11e-18	80.1
egu1000.fasta_00232	egu1000.fasta_00232	100	100	0	0	1	100	1	100	4.38e-63	181
egu1000.fasta_00233	egu1000.fasta_00233	100	473	0	0	1	473	1	473	5.92e-303	819
egu1000.fasta_00234	egu1000.fasta_00234	100	713	0	0	1	713	1	713	0.0	1386
egu1000.fasta_00235	egu1000.fasta_00235	100	2170	0	0	1	2170	1	2170	0.0	4237
egu1000.fasta_00236	egu1000.fasta_00236	100	365	0	0	1	365	1	365	8.82e-264	711
egu1000.fasta_00237	egu1000.fasta_00237	100	496	0	0	1	496	1	496	0.0	996
egu1000.fasta_00237	egu1000.fasta_00122	98.6	496	7	0	1	496	31	526	0.0	981
egu1000.fasta_00237	egu1000.fasta_00387	26.2	466	279	18	44	490	88	507	5.53e-30	117
egu1000.fasta_00237	egu1000.fasta_00386	24.3	478	295	15	29	480	71	507	1.65e-27	110
egu1000.fasta_00237	egu1000.fasta_00348	22.3	479	339	13	12	477	33	491	6.22e-24	99.4
egu1000.fasta_00238	egu1000.fasta_00238	100	160	0	0	1	160	1	160	4.67e-116	320
egu1000.fasta_00238	egu1000.fasta_00123	99.4	158	1	0	1	158	1	158	6.50e-113	315
egu1000.fasta_00238	egu1000.fasta_00475	29.9	157	84	5	13	158	12	153	2.77e-15	65.9
egu1000.fasta_00239	egu1000.fasta_00239	100	431	0	0	1	431	1	431	0.0	880
egu1000.fasta_00239	egu1000.fasta_00286	60.1	388	150	3	27	410	14	400	1.92e-171	481
egu1000.fasta_00240	egu1000.fasta_00240	100	294	0	0	1	294	1	294	9.08e-164	452
egu1000.fasta_00241	egu1000.fasta_00241	100	285	0	0	1	285	1	285	3.89e-204	553
egu1000.fasta_00242	egu1000.fasta_00242	100	325	0	0	1	325	1	325	9.97e-243	654
egu1000.fasta_00243	egu1000.fasta_00243	100	422	0	0	1	422	1	422	1.78e-301	811
egu1000.fasta_00244	egu1000.fasta_00244	100	279	0	0	1	279	1	279	1.65e-202	548
egu1000.fasta_00245	egu1000.fasta_00245	100	481	0	0	1	481	1	481	0.0	932
egu1000.fasta_00246	egu1000.fasta_00246	100	215	0	0	1	215	1	215	2.61e-149	409
egu1000.fasta_00247	egu1000.fasta_00247	100	119	0	0	1	119	1	119	2.06e-88	247
egu1000.fasta_00248	egu1000.fasta_00248	100	169	0	0	1	169	1	169	4.78e-127	348
egu1000.fasta_00249	egu1000.fasta_00249	100	404	0	0	1	404	1	404	1.41e-307	825
egu1000.fasta_00250	egu1000.fasta_00250	100	214	0	0	1	214	1	214	2.63e-153	419
egu1000.fasta_00251	egu1000.fasta_00251	100	555	0	0	1	555	1	555	0.0	1100
egu1000.fasta_00251	egu1000.fasta_00392	32.2	538	354	6	22	555	118	648	3.23e-96	303
egu1000.fasta_00251	egu1000.fasta_00179	34.4	456	292	3	101	555	118	567	3.85e-90	284
egu1000.fasta_00251	egu1000.fasta_00477	30.7	462	306	4	102	555	63	518	2.76e-84	270
egu1000.fasta_00251	egu1000.fasta_00252	27.5	491	317	5	96	554	5	488	4.55e-69	227
egu1000.fasta_00251	egu1000.fasta_00444	25.3	431	261	7	172	554	49	466	1.13e-39	145
egu1000.fasta_00251	egu1000.fasta_00117	24.3	493	294	8	25	476	38	492	4.80e-39	145
egu1000.fasta_00252	egu1000.fasta_00252	100	539	0	0	1	539	1	539	0.0	979
egu1000.fasta_00252	egu1000.fasta_00179	32.4	490	296	3	31	519	142	597	2.39e-95	297
egu1000.fasta_00252	egu1000.fasta_00117	37.2	511	305	7	23	520	29	536	5.79e-93	290
egu1000.fasta_00252	egu1000.fasta_00477	30.6	470	286	4	38	502	97	531	1.15e-79	257
egu1000.fasta_00252	egu1000.fasta_00251	27.5	491	317	5	5	488	96	554	1.16e-69	228
egu1000.fasta_00252	egu1000.fasta_00444	35.9	462	271	7	48	491	15	469	1.75e-54	186
egu1000.fasta_00253	egu1000.fasta_00253	100	35	0	0	1	35	1	35	1.37e-22	74.7
egu1000.fasta_00254	egu1000.fasta_00254	100	477	0	0	1	477	1	477	4.90e-320	862
egu1000.fasta_00255	egu1000.fasta_00255	100	332	0	0	1	332	1	332	3.07e-220	598
egu1000.fasta_00256	egu1000.fasta_00256	100	2508	0	0	1	2508	1	2508	0.0	4878
egu1000.fasta_00257	egu1000.fasta_00257	100	619	0	0	1	619	1	619	0.0	1228
egu1000.fasta_00257	egu1000.fasta_00307	47.0	491	238	5	37	525	37	507	9.57e-138	418
egu1000.fasta_00258	egu1000.fasta_00258	100	134	0	0	1	134	1	134	4.60e-90	252
egu1000.fasta_00259	egu1000.fasta_00259	100	386	0	0	1	386	1	386	1.01e-275	743
egu1000.fasta_00260	egu1000.fasta_00260	100	1200	0	0	1	1200	1	1200	0.0	2376
egu1000.fasta_00261	egu1000.fasta_00261	100	426	0	0	1	426	1	426	4.72e-180	504
egu1000.fasta_00262	egu1000.fasta_00262	100	686	0	0	1	686	1	686	0.0	1414
egu1000.fasta_00263	egu1000.fasta_00263	100	469	0	0	1	469	1	469	0.0	911
egu1000.fasta_00264	egu1000.fasta_00264	100	99	0	0	1	99	1	99	1.85e-77	218
egu1000.fasta_00264	egu1000.fasta_00265	54.1	98	38	3	1	94	6	100	2.23e-36	114
egu1000.fasta_00265	egu1000.fasta_00265	100	104	0	0	1	104	1	104	3.37e-80	225
egu1000.fasta_00265	egu1000.fasta_00264	54.4	90	38	2	14	100	5	94	9.54e-36	112
egu1000.fasta_00266	egu1000.fasta_00266	100	400	0	0	1	400	1	400	5.32e-285	767
egu1000.fasta_00267	egu1000.fasta_00267	100	1660	0	0	1	1660	1	1660	0.0	3146
egu1000.fasta_00268	egu1000.fasta_00268	100	182	0	0	1	182	1	182	1.70e-131	361
egu1000.fasta_00269	egu1000.fasta_00269	100	326	0	0	1	326	1	326	1.39e-213	580
egu1000.fasta_00270	egu1000.fasta_00270	100	250	0	0	1	250	1	250	1.33e-142	400
egu1000.fasta_00271	egu1000.fasta_00271	100	2216	0	0	1	2216	1	2216	0.0	4373
egu1000.fasta_00272	egu1000.fasta_00272	100	298	0	0	1	298	1	298	7.08e-218	589
egu1000.fasta_00273	egu1000.fasta_00273	100	714	0	0	1	714	1	714	8.98e-302	836
egu1000.fasta_00274	egu1000.fasta_00274	100	256	0	0	1	256	1	256	1.65e-195	529
egu1000.fasta_00275	egu1000.fasta_00275	100	1029	0	0	1	1029	1	1029	0.0	1783
egu1000.fasta_00276	egu1000.fasta_00276	100	417	0	0	1	417	1	417	6.77e-308	827
egu1000.fasta_00277	egu1000.fasta_00277	100	492	0	0	1	492	1	492	0.0	972
egu1000.fasta_00278	egu1000.fasta_00278	100	489	0	0	1	489	1	489	0.0	949
egu1000.fasta_00278	egu1000.fasta_00457	35.0	257	157	5	229	477	23	277	7.23e-37	132
egu1000.fasta_00279	egu1000.fasta_00279	100	1415	0	0	1	1415	1	1415	0.0	2784
egu1000.fasta_00279	egu1000.fasta_00289	57.4	1407	590	6	13	1415	34	1434	0.0	1594
egu1000.fasta_00280	egu1000.fasta_00280	100	580	0	0	1	580	1	580	6.59e-236	658
egu1000.fasta_00281	egu1000.fasta_00281	100	365	0	0	1	365	1	365	3.21e-266	717
egu1000.fasta_00282	egu1000.fasta_00282	100	354	0	0	1	354	1	354	6.01e-270	725
egu1000.fasta_00283	egu1000.fasta_00283	100	272	0	0	1	272	1	272	6.56e-185	503
egu1000.fasta_00284	egu1000.fasta_00284	100	555	0	0	1	555	1	555	0.0	1048
egu1000.fasta_00285	egu1000.fasta_00285	100	926	0	0	1	926	1	926	0.0	1508
egu1000.fasta_00286	egu1000.fasta_00286	100	408	0	0	1	408	1	408	2.45e-310	832
egu1000.fasta_00286	egu1000.fasta_00239	60.1	388	150	3	14	400	27	410	7.37e-171	480
egu1000.fasta_00287	egu1000.fasta_00287	100	293	0	0	1	293	1	293	1.43e-194	530
egu1000.fasta_00288	egu1000.fasta_00288	100	388	0	0	1	388	1	388	2.76e-290	780
egu1000.fasta_00289	egu1000.fasta_00289	100	1434	0	0	1	1434	1	1434	0.0	2786
egu1000.fasta_00289	egu1000.fasta_00279	57.4	1407	590	6	34	1434	13	1415	0.0	1599
egu1000.fasta_00290	egu1000.fasta_00290	100	460	0	0	1	460	1	460	0.0	935
egu1000.fasta_00290	egu1000.fasta_00294	78.4	430	49	4	24	451	45	432	5.00e-238	654
egu1000.fasta_00291	egu1000.fasta_00291	100	422	0	0	1	422	1	422	1.85e-319	856
egu1000.fasta_00291	egu1000.fasta_00295	96.9	422	13	0	1	422	1	422	8.96e-311	834
egu1000.fasta_00291	egu1000.fasta_00292	73.1	417	112	0	6	422	2	418	7.56e-233	637
egu1000.fasta_00291	egu1000.fasta_00296	73.4	418	110	1	6	422	2	419	9.12e-232	634
egu1000.fasta_00291	egu1000.fasta_00293	74.6	417	104	2	7	422	38	453	3.67e-230	632
egu1000.fasta_00291	egu1000.fasta_00297	74.6	417	104	2	7	422	38	453	3.67e-230	632
egu1000.fasta_00291	egu1000.fasta_00298	65.4	419	142	2	6	422	7	424	3.92e-207	572
egu1000.fasta_00292	egu1000.fasta_00292	100	418	0	0	1	418	1	418	3.53e-315	845
egu1000.fasta_00292	egu1000.fasta_00296	96.9	419	12	1	1	418	1	419	8.50e-305	819
egu1000.fasta_00292	egu1000.fasta_00293	85.1	417	60	2	3	418	38	453	3.57e-264	717
egu1000.fasta_00292	egu1000.fasta_00297	85.1	417	60	2	3	418	38	453	3.57e-264	717
egu1000.fasta_00292	egu1000.fasta_00295	73.6	417	110	0	2	418	6	422	1.94e-235	644
egu1000.fasta_00292	egu1000.fasta_00291	73.1	417	112	0	2	418	6	422	1.30e-233	639
egu1000.fasta_00292	egu1000.fasta_00298	63.7	419	149	2	2	418	7	424	1.34e-199	553
egu1000.fasta_00293	egu1000.fasta_00293	100	453	0	0	1	453	1	453	0.0	892
egu1000.fasta_00293	egu1000.fasta_00297	100	453	0	0	1	453	1	453	0.0	892
egu1000.fasta_00293	egu1000.fasta_00296	86.3	417	56	1	38	453	3	419	1.54e-268	729
egu1000.fasta_00293	egu1000.fasta_00292	85.1	417	60	2	38	453	3	418	2.73e-264	718
egu1000.fasta_00293	egu1000.fasta_00295	74.7	419	104	2	36	453	5	422	1.02e-232	638
egu1000.fasta_00293	egu1000.fasta_00291	74.6	417	104	2	38	453	7	422	4.81e-231	634
egu1000.fasta_00293	egu1000.fasta_00298	64.8	418	144	2	38	453	8	424	1.88e-201	559
egu1000.fasta_00294	egu1000.fasta_00294	100	473	0	0	1	473	1	473	0.0	959
egu1000.fasta_00294	egu1000.fasta_00290	78.8	430	47	5	45	432	24	451	1.71e-236	650
egu1000.fasta_00295	egu1000.fasta_00295	100	422	0	0	1	422	1	422	2.64e-321	860
egu1000.fasta_00295	egu1000.fasta_00291	96.9	422	13	0	1	422	1	422	3.12e-311	835
egu1000.fasta_00295	egu1000.fasta_00292	73.6	417	110	0	6	422	2	418	3.94e-235	643
egu1000.fasta_00295	egu1000.fasta_00296	73.9	418	108	1	6	422	2	419	4.75e-234	640
egu1000.fasta_00295	egu1000.fasta_00293	74.7	419	104	2	5	422	36	453	2.72e-232	637
egu1000.fasta_00295	egu1000.fasta_00297	74.7	419	104	2	5	422	36	453	2.72e-232	637
egu1000.fasta_00295	egu1000.fasta_00298	64.9	422	145	2	3	422	4	424	4.13e-209	577
egu1000.fasta_00296	egu1000.fasta_00296	100	419	0	0	1	419	1	419	1.28e-313	841
egu1000.fasta_00296	egu1000.fasta_00292	96.9	419	12	1	1	419	1	418	9.94e-304	816
egu1000.fasta_00296	egu1000.fasta_00293	86.3	417	56	1	3	419	38	453	2.36e-267	726
egu1000.fasta_00296	egu1000.fasta_00297	86.3	417	56	1	3	419	38	453	2.36e-267	726
egu1000.fasta_00296	egu1000.fasta_00295	73.9	418	108	1	2	419	6	422	2.72e-233	638
egu1000.fasta_00296	egu1000.fasta_00291	73.4	418	110	1	2	419	6	422	1.82e-231	634
egu1000.fasta_00296	egu1000.fasta_00298	65.0	420	143	3	2	419	7	424	1.71e-200	555
egu1000.fasta_00297	egu1000.fasta_00293	100	453	0	0	1	453	1	453	0.0	892
egu1000.fasta_00297	egu1000.fasta_00297	100	453	0	0	1	453	1	453	0.0	892
egu1000.fasta_00297	egu1000.fasta_00296	86.3	417	56	1	38	453	3	419	1.54e-268	729
egu1000.fasta_00297	egu1000.fasta_00292	85.1	417	60	2	38	453	3	418	2.73e-264	718
egu1000.fasta_00297	egu1000.fasta_00295	74.7	419	104	2	36	453	5	422	1.02e-232	638
egu1000.fasta_00297	egu1000.fasta_00291	74.6	417	104	2	38	453	7	422	4.81e-231	634
egu1000.fasta_00297	egu1000.fasta_00298	64.8	418	144	2	38	453	8	424	1.88e-201	559
egu1000.fasta_00298	egu1000.fasta_00298	100	428	0	0	1	428	1	428	0.0	864
egu1000.fasta_00298	egu1000.fasta_00295	65.1	421	144	2	5	424	4	422	4.86e-208	575
egu1000.fasta_00298	egu1000.fasta_00291	65.4	419	142	2	7	424	6	422	8.00e-207	572
egu1000.fasta_00298	egu1000.fasta_00296	65.0	420	143	3	7	424	2	419	1.74e-200	555
egu1000.fasta_00298	egu1000.fasta_00293	64.8	418	144	2	8	424	38	453	2.92e-200	556
egu1000.fasta_00298	egu1000.fasta_00297	64.8	418	144	2	8	424	38	453	2.92e-200	556
egu1000.fasta_00298	egu1000.fasta_00292	63.7	419	149	2	7	424	2	418	1.59e-198	550
egu1000.fasta_00299	egu1000.fasta_00299	100	189	0	0	1	189	1	189	7.74e-145	395
egu1000.fasta_00300	egu1000.fasta_00300	100	757	0	0	1	757	1	757	0.0	1521
egu1000.fasta_00301	egu1000.fasta_00301	100	509	0	0	1	509	1	509	0.0	1017
egu1000.fasta_00301	egu1000.fasta_00330	56.6	498	200	5	15	500	39	532	3.46e-207	580
egu1000.fasta_00302	egu1000.fasta_00302	100	136	0	0	1	136	1	136	1.94e-92	258
egu1000.fasta_00303	egu1000.fasta_00303	100	178	0	0	1	178	1	178	2.83e-128	352
egu1000.fasta_00303	egu1000.fasta_00051	45.8	142	67	5	37	178	3	134	1.18e-32	108
egu1000.fasta_00304	egu1000.fasta_00304	100	707	0	0	1	707	1	707	0.0	1397
egu1000.fasta_00304	egu1000.fasta_00305	62.6	179	12	2	514	692	1	124	1.99e-60	194
egu1000.fasta_00304	egu1000.fasta_00321	47.9	194	8	2	514	707	1	101	4.92e-42	142
egu1000.fasta_00305	egu1000.fasta_00305	100	128	0	0	1	128	1	128	5.94e-90	251
egu1000.fasta_00305	egu1000.fasta_00304	62.6	179	12	2	1	124	514	692	3.65e-59	188
egu1000.fasta_00305	egu1000.fasta_00321	63.4	123	7	3	1	123	1	85	1.43e-39	123
egu1000.fasta_00306	egu1000.fasta_00306	100	666	0	0	1	666	1	666	0.0	1319
egu1000.fasta_00307	egu1000.fasta_00307	100	879	0	0	1	879	1	879	0.0	1621
egu1000.fasta_00307	egu1000.fasta_00257	47.0	491	238	5	37	507	37	525	5.79e-140	424
egu1000.fasta_00308	egu1000.fasta_00308	100	123	0	0	1	123	1	123	5.60e-88	246
egu1000.fasta_00309	egu1000.fasta_00309	100	336	0	0	1	336	1	336	5.61e-250	673
egu1000.fasta_00310	egu1000.fasta_00310	100	221	0	0	1	221	1	221	1.21e-166	453
egu1000.fasta_00311	egu1000.fasta_00311	100	295	0	0	1	295	1	295	6.46e-208	563
egu1000.fasta_00312	egu1000.fasta_00312	100	159	0	0	1	159	1	159	2.14e-116	321
egu1000.fasta_00313	egu1000.fasta_00313	100	354	0	0	1	354	1	354	4.22e-245	662
egu1000.fasta_00313	egu1000.fasta_00314	67.8	348	82	8	18	351	24	355	2.49e-150	428
egu1000.fasta_00313	egu1000.fasta_00348	47.5	364	147	8	18	352	22	370	1.40e-102	306
egu1000.fasta_00313	egu1000.fasta_00339	48.1	347	136	8	30	351	36	363	6.83e-95	287
egu1000.fasta_00313	egu1000.fasta_00343	39.4	312	166	6	31	333	21	318	4.34e-64	206
egu1000.fasta_00313	egu1000.fasta_00341	39.2	319	161	8	31	333	32	333	6.76e-62	201
egu1000.fasta_00313	egu1000.fasta_00374	38.3	277	148	6	31	298	38	300	5.54e-51	167
egu1000.fasta_00313	egu1000.fasta_00345	40.5	232	114	7	31	252	30	247	3.48e-40	137
egu1000.fasta_00313	egu1000.fasta_00381	33.5	245	120	6	70	299	1	217	1.61e-35	128
egu1000.fasta_00313	egu1000.fasta_00347	41.2	97	49	2	237	333	4	92	1.83e-18	79.0
egu1000.fasta_00313	egu1000.fasta_00346	48.5	66	33	1	268	333	10	74	7.96e-17	73.9
egu1000.fasta_00313	egu1000.fasta_00342	51.5	33	16	0	301	333	1	33	1.94e-07	45.1
egu1000.fasta_00314	egu1000.fasta_00314	100	506	0	0	1	506	1	506	0.0	1008
egu1000.fasta_00314	egu1000.fasta_00348	57.2	505	197	5	10	498	8	509	1.15e-210	588
egu1000.fasta_00314	egu1000.fasta_00339	57.1	517	199	7	1	502	1	509	7.60e-210	586
egu1000.fasta_00314	egu1000.fasta_00343	47.9	495	245	7	16	504	3	490	7.84e-162	463
egu1000.fasta_00314	egu1000.fasta_00341	47.4	504	248	7	14	504	6	505	9.61e-159	456
egu1000.fasta_00314	egu1000.fasta_00313	68.4	348	80	9	24	355	18	351	2.19e-151	431
egu1000.fasta_00314	egu1000.fasta_00381	40.8	436	180	9	76	502	1	367	5.58e-101	303
egu1000.fasta_00314	egu1000.fasta_00347	55.2	239	101	5	270	504	28	264	1.18e-90	273
egu1000.fasta_00314	egu1000.fasta_00346	53.6	239	105	5	270	504	10	246	1.46e-89	270
egu1000.fasta_00314	egu1000.fasta_00374	42.1	302	169	3	1	300	3	300	2.02e-74	233
egu1000.fasta_00314	egu1000.fasta_00379	31.8	488	284	13	37	501	26	487	2.66e-72	233
egu1000.fasta_00314	egu1000.fasta_00373	52.1	190	86	4	319	504	1	189	2.49e-69	215
egu1000.fasta_00314	egu1000.fasta_00345	48.2	220	112	2	40	257	30	249	1.99e-60	194
egu1000.fasta_00314	egu1000.fasta_00342	43.1	204	68	2	303	504	1	158	1.24e-57	184
egu1000.fasta_00315	egu1000.fasta_00315	100	562	0	0	1	562	1	562	0.0	1105
egu1000.fasta_00315	egu1000.fasta_00349	54.4	559	232	8	11	560	10	554	8.19e-209	587
egu1000.fasta_00315	egu1000.fasta_00340	53.3	565	241	8	3	560	14	562	1.64e-205	579
egu1000.fasta_00315	egu1000.fasta_00344	53.2	564	240	7	6	560	9	557	5.57e-205	578
egu1000.fasta_00315	egu1000.fasta_00338	45.8	555	208	8	10	556	18	487	4.75e-156	451
egu1000.fasta_00315	egu1000.fasta_00372	58.4	298	120	2	263	560	20	313	2.53e-122	358
egu1000.fasta_00316	egu1000.fasta_00316	100	311	0	0	1	311	1	311	2.48e-96	306
egu1000.fasta_00317	egu1000.fasta_00317	100	458	0	0	1	458	1	458	3.63e-243	666
egu1000.fasta_00318	egu1000.fasta_00318	100	298	0	0	1	298	1	298	1.24e-202	550
egu1000.fasta_00319	egu1000.fasta_00319	100	133	0	0	1	133	1	133	5.00e-98	272
egu1000.fasta_00319	egu1000.fasta_00323	38.1	42	26	0	45	86	113	154	1.91e-07	42.7
egu1000.fasta_00320	egu1000.fasta_00320	100	127	0	0	1	127	1	127	9.42e-73	208
egu1000.fasta_00321	egu1000.fasta_00321	100	102	0	0	1	102	1	102	7.18e-72	204
egu1000.fasta_00321	egu1000.fasta_00304	47.9	194	8	2	1	101	514	707	1.34e-42	142
egu1000.fasta_00321	egu1000.fasta_00305	63.4	123	7	3	1	85	1	123	3.44e-41	127
egu1000.fasta_00322	egu1000.fasta_00322	100	290	0	0	1	290	1	290	2.04e-222	600
egu1000.fasta_00323	egu1000.fasta_00323	100	190	0	0	1	190	1	190	1.31e-123	342
egu1000.fasta_00323	egu1000.fasta_00319	29.5	88	42	2	113	184	45	128	1.44e-07	43.5
egu1000.fasta_00324	egu1000.fasta_00324	100	500	0	0	1	500	1	500	0.0	995
egu1000.fasta_00324	egu1000.fasta_00049	39.0	295	172	5	196	490	320	606	9.67e-66	219
egu1000.fasta_00324	egu1000.fasta_00496	37.8	291	169	6	197	479	95	381	1.74e-59	197
egu1000.fasta_00324	egu1000.fasta_00211	36.3	295	183	4	197	489	440	731	1.08e-52	185
egu1000.fasta_00324	egu1000.fasta_00070	38.6	285	164	5	202	484	643	918	2.14e-51	182
egu1000.fasta_00324	egu1000.fasta_00209	36.5	288	178	5	197	482	409	693	3.51e-51	180
egu1000.fasta_00324	egu1000.fasta_00448	37.4	286	162	5	197	479	459	730	6.06e-47	169
egu1000.fasta_00324	egu1000.fasta_00180	32.4	290	171	7	212	483	432	714	2.11e-44	161
egu1000.fasta_00324	egu1000.fasta_00447	26.0	319	216	6	176	482	282	592	1.63e-32	125
egu1000.fasta_00324	egu1000.fasta_00136	37.2	196	111	7	214	406	608	794	1.23e-29	117
egu1000.fasta_00324	egu1000.fasta_00089	33.0	203	122	5	217	410	176	373	1.05e-23	98.2
egu1000.fasta_00324	egu1000.fasta_00184	30.5	226	132	13	209	425	22	231	8.78e-20	84.7
egu1000.fasta_00324	egu1000.fasta_00194	25.0	244	158	6	256	489	735	963	5.36e-16	75.5
egu1000.fasta_00325	egu1000.fasta_00325	100	213	0	0	1	213	1	213	9.91e-153	417
egu1000.fasta_00326	egu1000.fasta_00326	100	535	0	0	1	535	1	535	0.0	1016
egu1000.fasta_00327	egu1000.fasta_00327	100	560	0	0	1	560	1	560	0.0	1098
egu1000.fasta_00328	egu1000.fasta_00328	100	745	0	0	1	745	1	745	0.0	1400
egu1000.fasta_00329	egu1000.fasta_00329	100	193	0	0	1	193	1	193	1.29e-120	334
egu1000.fasta_00329	egu1000.fasta_00205	50.0	78	39	0	24	101	78	155	7.30e-21	81.6
egu1000.fasta_00329	egu1000.fasta_00046	50.7	71	29	1	23	87	7	77	3.50e-17	69.7
egu1000.fasta_00330	egu1000.fasta_00330	100	539	0	0	1	539	1	539	0.0	1067
egu1000.fasta_00330	egu1000.fasta_00301	56.8	495	204	5	39	532	15	500	3.66e-207	580
egu1000.fasta_00331	egu1000.fasta_00331	100	407	0	0	1	407	1	407	4.36e-283	763
egu1000.fasta_00332	egu1000.fasta_00332	100	419	0	0	1	419	1	419	1.08e-289	781
egu1000.fasta_00333	egu1000.fasta_00333	100	440	0	0	1	440	1	440	0.0	865
egu1000.fasta_00333	egu1000.fasta_00108	30.0	317	174	11	6	278	87	399	5.06e-33	125
egu1000.fasta_00334	egu1000.fasta_00334	100	210	0	0	1	210	1	210	5.96e-148	405
egu1000.fasta_00335	egu1000.fasta_00335	100	545	0	0	1	545	1	545	9.42e-311	845
egu1000.fasta_00336	egu1000.fasta_00336	100	268	0	0	1	268	1	268	1.52e-197	535
egu1000.fasta_00337	egu1000.fasta_00337	100	361	0	0	1	361	1	361	1.03e-260	702
egu1000.fasta_00338	egu1000.fasta_00338	100	493	0	0	1	493	1	493	0.0	984
egu1000.fasta_00338	egu1000.fasta_00340	76.5	565	60	2	1	493	1	564	2.86e-310	842
egu1000.fasta_00338	egu1000.fasta_00344	65.1	550	111	6	20	493	15	559	4.36e-252	694
egu1000.fasta_00338	egu1000.fasta_00349	59.6	557	145	6	13	493	4	556	5.58e-228	633
egu1000.fasta_00338	egu1000.fasta_00372	73.9	299	75	1	195	493	20	315	8.44e-168	471
egu1000.fasta_00338	egu1000.fasta_00315	46.0	552	205	8	21	487	13	556	2.59e-157	454
egu1000.fasta_00339	egu1000.fasta_00339	100	517	0	0	1	517	1	517	0.0	1025
egu1000.fasta_00339	egu1000.fasta_00348	58.7	513	206	4	1	508	1	512	6.34e-218	607
egu1000.fasta_00339	egu1000.fasta_00314	56.9	518	198	8	1	509	1	502	1.03e-207	581
egu1000.fasta_00339	egu1000.fasta_00341	49.8	498	234	10	19	510	15	502	1.67e-162	466
egu1000.fasta_00339	egu1000.fasta_00343	48.4	486	228	7	29	505	13	484	9.80e-158	453
egu1000.fasta_00339	egu1000.fasta_00381	39.2	444	187	8	72	509	1	367	3.05e-97	294
egu1000.fasta_00339	egu1000.fasta_00313	47.2	360	145	10	23	363	18	351	5.01e-95	288
egu1000.fasta_00339	egu1000.fasta_00347	54.9	237	100	5	278	510	28	261	5.54e-85	259
egu1000.fasta_00339	egu1000.fasta_00346	54.1	233	102	4	278	506	10	241	6.12e-85	258
egu1000.fasta_00339	egu1000.fasta_00374	43.0	302	153	4	12	308	13	300	1.03e-77	241
egu1000.fasta_00339	egu1000.fasta_00379	34.7	461	250	12	37	477	29	458	1.97e-76	244
egu1000.fasta_00339	egu1000.fasta_00373	54.6	183	79	3	327	505	1	183	6.43e-65	204
egu1000.fasta_00339	egu1000.fasta_00345	44.9	247	127	4	10	250	6	249	4.35e-62	199
egu1000.fasta_00339	egu1000.fasta_00342	44.6	202	63	3	311	510	1	155	4.10e-52	169
egu1000.fasta_00340	egu1000.fasta_00340	100	564	0	0	1	564	1	564	0.0	1118
egu1000.fasta_00340	egu1000.fasta_00344	77.4	549	116	4	20	564	15	559	3.68e-314	855
egu1000.fasta_00340	egu1000.fasta_00338	76.5	565	60	2	1	564	1	493	1.15e-310	843
egu1000.fasta_00340	egu1000.fasta_00349	71.9	549	147	4	20	564	11	556	6.50e-286	783
egu1000.fasta_00340	egu1000.fasta_00315	53.5	563	239	8	16	562	5	560	1.01e-206	582
egu1000.fasta_00340	egu1000.fasta_00372	75.9	299	69	1	266	564	20	315	7.63e-174	489
egu1000.fasta_00341	egu1000.fasta_00341	100	511	0	0	1	511	1	511	0.0	1024
egu1000.fasta_00341	egu1000.fasta_00343	83.5	498	70	3	18	511	7	496	4.60e-311	842
egu1000.fasta_00341	egu1000.fasta_00347	95.0	260	12	1	252	511	12	270	5.06e-184	511
egu1000.fasta_00341	egu1000.fasta_00346	90.8	249	23	0	263	511	4	252	3.70e-172	480
egu1000.fasta_00341	egu1000.fasta_00339	49.9	493	233	9	15	499	19	505	5.50e-166	475
egu1000.fasta_00341	egu1000.fasta_00314	48.1	486	235	7	24	505	32	504	1.20e-159	458
egu1000.fasta_00341	egu1000.fasta_00348	47.2	504	251	10	7	499	10	509	1.22e-158	456
egu1000.fasta_00341	egu1000.fasta_00374	76.3	295	55	4	12	299	15	301	1.87e-150	427
egu1000.fasta_00341	egu1000.fasta_00373	93.3	195	13	0	317	511	1	195	8.99e-139	393
egu1000.fasta_00341	egu1000.fasta_00345	79.4	252	43	4	2	247	1	249	3.20e-128	369
egu1000.fasta_00341	egu1000.fasta_00342	70.6	211	15	1	301	511	1	164	9.93e-104	303
egu1000.fasta_00341	egu1000.fasta_00381	39.4	436	187	8	68	499	1	363	8.12e-99	298
egu1000.fasta_00341	egu1000.fasta_00379	34.3	492	285	13	24	502	21	487	1.67e-89	278
egu1000.fasta_00341	egu1000.fasta_00313	38.4	328	169	8	24	334	23	334	4.41e-64	207
egu1000.fasta_00342	egu1000.fasta_00342	100	164	0	0	1	164	1	164	5.64e-128	350
egu1000.fasta_00342	egu1000.fasta_00346	75.4	211	5	1	1	164	42	252	7.76e-114	318
egu1000.fasta_00342	egu1000.fasta_00347	70.6	211	15	1	1	164	60	270	1.24e-107	303
egu1000.fasta_00342	egu1000.fasta_00341	70.6	211	15	1	1	164	301	511	9.02e-104	301
egu1000.fasta_00342	egu1000.fasta_00343	70.6	211	15	1	1	164	286	496	6.70e-103	299
egu1000.fasta_00342	egu1000.fasta_00373	69.2	195	13	1	17	164	1	195	1.20e-95	270
egu1000.fasta_00342	egu1000.fasta_00314	43.1	204	68	2	1	158	303	504	1.03e-58	185
egu1000.fasta_00342	egu1000.fasta_00339	44.7	197	62	2	1	152	311	505	2.42e-53	171
egu1000.fasta_00342	egu1000.fasta_00381	57.5	120	49	1	33	152	246	363	6.61e-49	157
egu1000.fasta_00342	egu1000.fasta_00348	51.2	127	61	1	26	152	384	509	4.44e-44	147
egu1000.fasta_00342	egu1000.fasta_00379	33.0	203	80	4	5	155	289	487	9.02e-35	121
egu1000.fasta_00342	egu1000.fasta_00313	51.5	33	16	0	1	33	301	333	6.64e-08	45.4
egu1000.fasta_00343	egu1000.fasta_00343	100	496	0	0	1	496	1	496	0.0	1008
egu1000.fasta_00343	egu1000.fasta_00341	83.5	498	70	3	7	496	18	511	5.45e-312	844
egu1000.fasta_00343	egu1000.fasta_00374	96.8	278	9	0	7	284	24	301	6.13e-194	537
egu1000.fasta_00343	egu1000.fasta_00347	81.4	280	42	3	217	496	1	270	3.71e-168	470
egu1000.fasta_00343	egu1000.fasta_00346	88.4	251	27	1	246	496	4	252	1.81e-166	465
egu1000.fasta_00343	egu1000.fasta_00314	47.7	497	247	7	1	490	14	504	7.26e-165	471
egu1000.fasta_00343	egu1000.fasta_00339	48.1	486	229	7	13	484	29	505	5.52e-162	464
egu1000.fasta_00343	egu1000.fasta_00348	46.3	482	240	6	17	484	33	509	3.05e-155	447
egu1000.fasta_00343	egu1000.fasta_00373	98.5	195	3	0	302	496	1	195	9.41e-145	408
egu1000.fasta_00343	egu1000.fasta_00345	83.8	234	35	3	7	238	17	249	1.84e-131	376
egu1000.fasta_00343	egu1000.fasta_00381	41.6	435	175	8	57	484	1	363	4.60e-106	316
egu1000.fasta_00343	egu1000.fasta_00342	70.6	211	15	1	286	496	1	164	2.03e-102	299
egu1000.fasta_00343	egu1000.fasta_00379	34.8	492	279	12	13	487	21	487	8.15e-93	286
egu1000.fasta_00343	egu1000.fasta_00313	38.9	324	175	6	10	319	20	334	1.37e-66	213
egu1000.fasta_00344	egu1000.fasta_00344	100	559	0	0	1	559	1	559	0.0	1115
egu1000.fasta_00344	egu1000.fasta_00340	77.4	549	116	4	15	559	20	564	1.72e-312	850
egu1000.fasta_00344	egu1000.fasta_00349	70.1	551	158	5	13	559	9	556	5.29e-279	765
egu1000.fasta_00344	egu1000.fasta_00338	64.7	555	115	6	10	559	15	493	1.15e-250	691
egu1000.fasta_00344	egu1000.fasta_00372	98.3	296	5	0	264	559	20	315	1.32e-214	592
egu1000.fasta_00344	egu1000.fasta_00315	53.2	564	240	7	9	557	6	560	2.24e-204	576
egu1000.fasta_00345	egu1000.fasta_00345	100	251	0	0	1	251	1	251	2.07e-182	495
egu1000.fasta_00345	egu1000.fasta_00374	81.9	243	38	3	11	249	15	255	1.76e-135	379
egu1000.fasta_00345	egu1000.fasta_00343	83.8	234	35	3	17	249	7	238	5.31e-131	374
egu1000.fasta_00345	egu1000.fasta_00341	79.4	252	43	4	1	249	2	247	3.15e-128	368
egu1000.fasta_00345	egu1000.fasta_00348	43.3	247	134	4	6	249	10	253	3.07e-65	206
egu1000.fasta_00345	egu1000.fasta_00339	46.6	236	117	4	17	249	21	250	1.30e-64	204
egu1000.fasta_00345	egu1000.fasta_00314	48.2	220	112	2	30	249	40	257	4.66e-62	197
egu1000.fasta_00345	egu1000.fasta_00313	40.5	232	114	7	30	247	31	252	4.29e-42	142
egu1000.fasta_00345	egu1000.fasta_00381	43.0	186	84	5	66	249	1	166	7.71e-40	136
egu1000.fasta_00346	egu1000.fasta_00346	100	252	0	0	1	252	1	252	1.41e-194	526
egu1000.fasta_00346	egu1000.fasta_00347	92.3	246	19	0	7	252	25	270	3.26e-177	483
egu1000.fasta_00346	egu1000.fasta_00341	90.8	249	23	0	4	252	263	511	4.51e-173	482
egu1000.fasta_00346	egu1000.fasta_00343	89.2	249	25	1	6	252	248	496	1.86e-166	464
egu1000.fasta_00346	egu1000.fasta_00373	92.8	195	14	0	58	252	1	195	1.16e-141	390
egu1000.fasta_00346	egu1000.fasta_00342	75.4	211	5	1	42	252	1	164	2.93e-114	320
egu1000.fasta_00346	egu1000.fasta_00314	53.6	239	105	5	10	246	270	504	9.15e-91	272
egu1000.fasta_00346	egu1000.fasta_00339	54.1	233	102	4	10	241	278	506	1.06e-85	259
egu1000.fasta_00346	egu1000.fasta_00348	51.7	234	109	4	10	242	281	511	8.41e-84	254
egu1000.fasta_00346	egu1000.fasta_00379	41.6	243	133	4	7	243	248	487	1.81e-61	196
egu1000.fasta_00346	egu1000.fasta_00381	48.2	170	64	2	71	240	218	363	2.12e-50	164
egu1000.fasta_00346	egu1000.fasta_00313	47.8	67	34	1	10	75	268	334	1.05e-16	73.2
egu1000.fasta_00346	egu1000.fasta_00374	69.4	36	9	1	6	39	265	300	8.96e-08	46.6
egu1000.fasta_00347	egu1000.fasta_00347	100	270	0	0	1	270	1	270	2.55e-206	557
egu1000.fasta_00347	egu1000.fasta_00341	96.5	256	8	1	16	270	256	511	2.18e-183	509
egu1000.fasta_00347	egu1000.fasta_00346	92.3	246	19	0	25	270	7	252	1.17e-175	479
egu1000.fasta_00347	egu1000.fasta_00343	89.1	248	25	1	25	270	249	496	7.69e-166	464
egu1000.fasta_00347	egu1000.fasta_00373	93.8	195	12	0	76	270	1	195	3.50e-143	395
egu1000.fasta_00347	egu1000.fasta_00342	70.6	211	15	1	60	270	1	164	2.04e-107	303
egu1000.fasta_00347	egu1000.fasta_00314	55.2	239	101	5	28	264	270	504	8.92e-91	273
egu1000.fasta_00347	egu1000.fasta_00339	55.2	232	99	4	28	258	278	505	8.12e-85	258
egu1000.fasta_00347	egu1000.fasta_00348	52.2	232	107	4	28	258	281	509	1.41e-81	249
egu1000.fasta_00347	egu1000.fasta_00379	42.4	243	131	4	25	261	248	487	6.55e-61	195
egu1000.fasta_00347	egu1000.fasta_00381	48.2	170	64	2	89	258	218	363	2.67e-50	164
egu1000.fasta_00347	egu1000.fasta_00313	40.4	99	51	2	3	93	236	334	3.07e-17	75.1
egu1000.fasta_00347	egu1000.fasta_00374	72.2	36	8	1	25	58	266	301	5.88e-08	47.4
egu1000.fasta_00348	egu1000.fasta_00348	100	513	0	0	1	513	1	513	0.0	1023
egu1000.fasta_00348	egu1000.fasta_00339	58.7	513	206	4	1	512	1	508	1.17e-220	614
egu1000.fasta_00348	egu1000.fasta_00314	57.2	505	197	5	8	509	10	498	4.09e-211	589
egu1000.fasta_00348	egu1000.fasta_00341	46.8	504	253	9	10	509	7	499	1.40e-157	453
egu1000.fasta_00348	egu1000.fasta_00343	46.3	482	240	6	33	509	17	484	2.33e-152	439
egu1000.fasta_00348	egu1000.fasta_00313	47.5	364	147	8	22	370	18	352	8.06e-105	313
egu1000.fasta_00348	egu1000.fasta_00381	37.7	440	195	9	72	509	1	363	6.27e-89	273
egu1000.fasta_00348	egu1000.fasta_00346	51.7	234	109	4	281	511	10	242	4.20e-81	248
egu1000.fasta_00348	egu1000.fasta_00347	45.5	279	127	5	234	509	2	258	4.18e-80	246
egu1000.fasta_00348	egu1000.fasta_00379	32.9	499	284	15	30	511	22	486	6.85e-76	242
egu1000.fasta_00348	egu1000.fasta_00374	39.8	314	172	4	1	311	1	300	4.78e-74	232
egu1000.fasta_00348	egu1000.fasta_00345	43.3	247	134	4	10	253	6	249	1.49e-66	210
egu1000.fasta_00348	egu1000.fasta_00373	51.9	183	85	3	330	509	1	183	1.36e-62	198
egu1000.fasta_00348	egu1000.fasta_00342	39.6	197	73	2	314	509	1	152	6.81e-46	153
egu1000.fasta_00348	egu1000.fasta_00122	22.9	502	352	14	12	491	19	507	3.12e-24	100
egu1000.fasta_00348	egu1000.fasta_00237	22.2	473	336	12	39	491	17	477	4.81e-24	99.8
egu1000.fasta_00349	egu1000.fasta_00349	100	556	0	0	1	556	1	556	0.0	1102
egu1000.fasta_00349	egu1000.fasta_00340	71.9	549	147	4	11	556	20	564	5.23e-285	781
egu1000.fasta_00349	egu1000.fasta_00344	70.1	551	158	5	9	556	13	559	6.44e-280	768
egu1000.fasta_00349	egu1000.fasta_00338	59.6	557	145	6	4	556	13	493	8.93e-228	633
egu1000.fasta_00349	egu1000.fasta_00315	54.4	559	232	8	10	554	11	560	1.42e-209	589
egu1000.fasta_00349	egu1000.fasta_00372	64.2	299	103	2	259	556	20	315	6.31e-143	410
egu1000.fasta_00350	egu1000.fasta_00350	100	523	0	0	1	523	1	523	0.0	1075
egu1000.fasta_00351	egu1000.fasta_00351	100	612	0	0	1	612	1	612	0.0	1199
egu1000.fasta_00352	egu1000.fasta_00352	100	408	0	0	1	408	1	408	6.64e-299	803
egu1000.fasta_00353	egu1000.fasta_00353	100	642	0	0	1	642	1	642	0.0	1272
egu1000.fasta_00354	egu1000.fasta_00354	100	206	0	0	1	206	1	206	3.22e-150	410
egu1000.fasta_00355	egu1000.fasta_00355	100	100	0	0	1	100	1	100	3.59e-71	202
egu1000.fasta_00356	egu1000.fasta_00356	100	183	0	0	1	183	1	183	2.43e-111	310
egu1000.fasta_00357	egu1000.fasta_00357	100	216	0	0	1	216	1	216	1.77e-152	417
egu1000.fasta_00358	egu1000.fasta_00358	100	818	0	0	1	818	1	818	6.28e-218	650
egu1000.fasta_00359	egu1000.fasta_00359	100	147	0	0	1	147	1	147	2.47e-98	274
egu1000.fasta_00360	egu1000.fasta_00360	100	361	0	0	1	361	1	361	9.68e-275	738
egu1000.fasta_00360	egu1000.fasta_00152	27.0	282	135	11	52	310	71	304	3.30e-19	82.0
egu1000.fasta_00361	egu1000.fasta_00361	100	102	0	0	1	102	1	102	1.24e-72	206
egu1000.fasta_00362	egu1000.fasta_00362	100	743	0	0	1	743	1	743	0.0	1533
egu1000.fasta_00363	egu1000.fasta_00363	100	502	0	0	1	502	1	502	0.0	986
egu1000.fasta_00364	egu1000.fasta_00364	100	789	0	0	1	789	1	789	0.0	1593
egu1000.fasta_00364	egu1000.fasta_00365	52.7	746	331	13	52	786	45	779	6.07e-281	788
egu1000.fasta_00364	egu1000.fasta_00369	51.6	754	333	17	54	786	4	746	8.55e-265	746
egu1000.fasta_00364	egu1000.fasta_00366	47.9	764	340	15	40	787	34	755	3.63e-244	694
egu1000.fasta_00365	egu1000.fasta_00365	100	779	0	0	1	779	1	779	0.0	1578
egu1000.fasta_00365	egu1000.fasta_00369	84.9	746	103	6	44	779	1	746	0.0	1273
egu1000.fasta_00365	egu1000.fasta_00366	69.5	778	191	12	13	779	12	754	0.0	1034
egu1000.fasta_00365	egu1000.fasta_00364	52.1	758	341	13	33	779	40	786	5.56e-279	783
egu1000.fasta_00365	egu1000.fasta_00376	29.7	669	412	17	45	684	110	749	4.51e-88	290
egu1000.fasta_00365	egu1000.fasta_00367	28.9	684	414	17	45	694	19	664	7.00e-86	282
egu1000.fasta_00365	egu1000.fasta_00378	32.8	509	304	13	45	525	20	518	1.22e-83	273
egu1000.fasta_00365	egu1000.fasta_00380	28.4	668	422	15	45	684	109	748	2.72e-81	272
egu1000.fasta_00365	egu1000.fasta_00368	31.6	488	302	10	45	519	91	559	1.21e-76	253
egu1000.fasta_00366	egu1000.fasta_00366	100	761	0	0	1	761	1	761	0.0	1542
egu1000.fasta_00366	egu1000.fasta_00369	71.8	749	169	8	45	754	1	746	0.0	1060
egu1000.fasta_00366	egu1000.fasta_00365	69.5	778	191	12	12	754	13	779	0.0	1040
egu1000.fasta_00366	egu1000.fasta_00364	47.9	775	345	17	23	755	30	787	1.08e-245	698
egu1000.fasta_00366	egu1000.fasta_00378	30.1	498	279	12	62	501	32	518	2.06e-67	228
egu1000.fasta_00366	egu1000.fasta_00376	28.8	590	339	16	62	587	122	694	2.96e-67	233
egu1000.fasta_00366	egu1000.fasta_00367	28.5	590	337	14	62	587	31	599	9.66e-67	229
egu1000.fasta_00366	egu1000.fasta_00380	29.5	498	282	12	62	501	121	607	2.31e-62	219
egu1000.fasta_00366	egu1000.fasta_00368	32.3	406	241	8	62	455	103	486	2.33e-62	214
egu1000.fasta_00367	egu1000.fasta_00367	100	726	0	0	1	726	1	726	0.0	1489
egu1000.fasta_00367	egu1000.fasta_00376	91.9	731	51	3	1	726	92	819	0.0	1367
egu1000.fasta_00367	egu1000.fasta_00380	89.1	731	72	3	1	726	91	818	0.0	1326
egu1000.fasta_00367	egu1000.fasta_00378	88.9	584	59	2	2	580	3	585	0.0	1063
egu1000.fasta_00367	egu1000.fasta_00368	89.8	511	27	1	2	512	74	559	0.0	951
egu1000.fasta_00367	egu1000.fasta_00371	90.8	292	20	2	440	726	1	290	4.39e-183	518
egu1000.fasta_00367	egu1000.fasta_00365	29.0	686	411	18	19	664	45	694	1.75e-87	286
egu1000.fasta_00367	egu1000.fasta_00369	28.3	699	416	20	27	674	12	676	1.13e-75	254
egu1000.fasta_00367	egu1000.fasta_00366	28.5	590	337	14	31	599	62	587	9.22e-67	229
egu1000.fasta_00367	egu1000.fasta_00375	61.7	188	21	3	553	726	18	168	9.14e-63	202
egu1000.fasta_00368	egu1000.fasta_00368	100	559	0	0	1	559	1	559	0.0	1162
egu1000.fasta_00368	egu1000.fasta_00376	90.0	570	28	5	16	559	36	602	0.0	1031
egu1000.fasta_00368	egu1000.fasta_00380	87.7	569	40	6	17	559	37	601	0.0	1008
egu1000.fasta_00368	egu1000.fasta_00378	90.8	513	21	2	72	559	1	512	0.0	956
egu1000.fasta_00368	egu1000.fasta_00367	89.8	511	27	1	74	559	2	512	0.0	950
egu1000.fasta_00368	egu1000.fasta_00365	31.6	488	302	10	91	559	45	519	1.67e-78	258
egu1000.fasta_00368	egu1000.fasta_00369	30.3	488	300	11	99	559	12	486	1.15e-65	222
egu1000.fasta_00368	egu1000.fasta_00366	32.0	406	242	8	103	486	62	455	1.80e-63	216
egu1000.fasta_00368	egu1000.fasta_00371	98.6	73	1	0	487	559	1	73	2.47e-43	151
egu1000.fasta_00368	egu1000.fasta_00377	97.0	33	1	0	16	48	28	60	1.12e-16	69.3
egu1000.fasta_00369	egu1000.fasta_00369	100	746	0	0	1	746	1	746	0.0	1532
egu1000.fasta_00369	egu1000.fasta_00365	84.9	746	103	6	1	746	44	779	0.0	1281
egu1000.fasta_00369	egu1000.fasta_00366	71.8	749	169	8	1	746	45	754	0.0	1061
egu1000.fasta_00369	egu1000.fasta_00364	51.6	754	333	17	4	746	54	786	7.06e-266	749
egu1000.fasta_00369	egu1000.fasta_00376	29.0	666	413	17	12	651	118	749	4.29e-76	257
egu1000.fasta_00369	egu1000.fasta_00367	28.2	696	421	18	12	676	27	674	4.39e-76	255
egu1000.fasta_00369	egu1000.fasta_00378	29.7	576	365	13	12	562	28	588	4.74e-71	238
egu1000.fasta_00369	egu1000.fasta_00380	27.4	667	422	16	12	651	117	748	3.70e-69	238
egu1000.fasta_00369	egu1000.fasta_00368	30.6	487	300	10	12	486	99	559	2.13e-65	222
egu1000.fasta_00370	egu1000.fasta_00370	100	71	0	0	1	71	1	71	8.23e-48	140
egu1000.fasta_00370	egu1000.fasta_00376	100	68	0	0	1	68	1	68	1.31e-40	135
egu1000.fasta_00370	egu1000.fasta_00380	88.2	68	7	1	1	68	1	67	1.42e-33	115
egu1000.fasta_00371	egu1000.fasta_00371	100	290	0	0	1	290	1	290	1.05e-215	583
egu1000.fasta_00371	egu1000.fasta_00376	96.2	290	11	0	1	290	530	819	1.28e-199	562
egu1000.fasta_00371	egu1000.fasta_00367	90.8	292	20	2	1	290	440	726	7.64e-185	521
egu1000.fasta_00371	egu1000.fasta_00380	86.2	290	40	0	1	290	529	818	2.22e-173	495
egu1000.fasta_00371	egu1000.fasta_00375	63.0	192	22	2	113	290	12	168	5.56e-72	214
egu1000.fasta_00371	egu1000.fasta_00378	76.0	146	35	0	1	146	440	585	1.15e-67	216
egu1000.fasta_00371	egu1000.fasta_00368	98.6	73	1	0	1	73	487	559	6.68e-44	152
egu1000.fasta_00372	egu1000.fasta_00372	100	315	0	0	1	315	1	315	3.45e-238	642
egu1000.fasta_00372	egu1000.fasta_00344	98.3	296	5	0	20	315	264	559	7.44e-215	592
egu1000.fasta_00372	egu1000.fasta_00340	75.9	299	69	1	20	315	266	564	1.98e-172	485
egu1000.fasta_00372	egu1000.fasta_00338	73.9	299	75	1	20	315	195	493	1.25e-166	468
egu1000.fasta_00372	egu1000.fasta_00349	64.2	299	103	2	20	315	259	556	1.64e-141	406
egu1000.fasta_00372	egu1000.fasta_00315	58.4	298	120	2	20	313	263	560	2.51e-123	360
egu1000.fasta_00373	egu1000.fasta_00373	100	195	0	0	1	195	1	195	1.68e-151	412
egu1000.fasta_00373	egu1000.fasta_00343	98.5	195	3	0	1	195	302	496	5.24e-145	407
egu1000.fasta_00373	egu1000.fasta_00347	93.8	195	12	0	1	195	76	270	1.25e-143	395
egu1000.fasta_00373	egu1000.fasta_00346	92.8	195	14	0	1	195	58	252	5.20e-141	388
egu1000.fasta_00373	egu1000.fasta_00341	93.3	195	13	0	1	195	317	511	4.86e-139	393
egu1000.fasta_00373	egu1000.fasta_00342	69.2	195	13	1	1	195	17	164	2.87e-95	269
egu1000.fasta_00373	egu1000.fasta_00314	52.1	190	86	4	1	189	319	504	2.44e-70	217
egu1000.fasta_00373	egu1000.fasta_00339	54.6	183	79	3	1	183	327	505	4.42e-66	206
egu1000.fasta_00373	egu1000.fasta_00348	51.9	183	85	3	1	183	330	509	3.14e-65	204
egu1000.fasta_00373	egu1000.fasta_00381	49.4	170	62	2	14	183	218	363	5.05e-53	169
egu1000.fasta_00373	egu1000.fasta_00379	42.9	191	100	3	1	186	301	487	9.97e-51	165
egu1000.fasta_00374	egu1000.fasta_00374	100	311	0	0	1	311	1	311	4.64e-225	608
egu1000.fasta_00374	egu1000.fasta_00343	96.8	278	9	0	24	301	7	284	8.97e-193	534
egu1000.fasta_00374	egu1000.fasta_00341	76.3	295	55	4	15	301	12	299	1.61e-150	427
egu1000.fasta_00374	egu1000.fasta_00345	81.9	243	38	3	15	255	11	249	7.63e-136	380
egu1000.fasta_00374	egu1000.fasta_00339	43.6	296	148	4	19	300	18	308	1.02e-79	246
egu1000.fasta_00374	egu1000.fasta_00314	42.5	299	166	3	6	300	4	300	1.74e-74	232
egu1000.fasta_00374	egu1000.fasta_00348	40.2	316	168	5	1	300	1	311	9.57e-72	225
egu1000.fasta_00374	egu1000.fasta_00313	38.3	282	151	6	33	300	26	298	1.62e-52	171
egu1000.fasta_00374	egu1000.fasta_00381	41.5	234	112	5	74	300	1	216	8.56e-51	167
egu1000.fasta_00374	egu1000.fasta_00379	28.5	284	170	10	30	301	21	283	3.75e-25	99.8
egu1000.fasta_00374	egu1000.fasta_00347	51.5	68	23	4	234	301	1	58	1.57e-08	49.3
egu1000.fasta_00374	egu1000.fasta_00346	65.8	38	11	1	263	300	4	39	1.48e-07	46.2
egu1000.fasta_00375	egu1000.fasta_00375	100	168	0	0	1	168	1	168	6.79e-122	335
egu1000.fasta_00375	egu1000.fasta_00371	63.0	192	22	2	12	168	113	290	3.98e-73	216
egu1000.fasta_00375	egu1000.fasta_00380	64.6	192	19	2	12	168	641	818	3.10e-71	224
egu1000.fasta_00375	egu1000.fasta_00376	63.0	192	22	2	12	168	642	819	8.47e-69	218
egu1000.fasta_00375	egu1000.fasta_00367	60.5	195	25	4	11	168	547	726	2.86e-65	207
egu1000.fasta_00375	egu1000.fasta_00378	95.0	20	1	0	12	31	552	571	5.60e-06	40.0
egu1000.fasta_00376	egu1000.fasta_00376	100	819	0	0	1	819	1	819	0.0	1665
egu1000.fasta_00376	egu1000.fasta_00380	90.1	819	80	1	1	819	1	818	0.0	1497
egu1000.fasta_00376	egu1000.fasta_00367	91.9	731	51	3	92	819	1	726	0.0	1365
egu1000.fasta_00376	egu1000.fasta_00378	91.4	582	50	0	94	675	4	585	0.0	1092
egu1000.fasta_00376	egu1000.fasta_00368	90.2	569	27	5	37	602	17	559	0.0	1028
egu1000.fasta_00376	egu1000.fasta_00371	96.2	290	11	0	530	819	1	290	1.45e-198	560
egu1000.fasta_00376	egu1000.fasta_00365	29.8	664	408	17	110	744	45	679	1.29e-89	295
egu1000.fasta_00376	egu1000.fasta_00369	28.7	662	410	17	118	744	12	646	1.24e-75	256
egu1000.fasta_00376	egu1000.fasta_00366	28.6	590	340	16	122	694	62	587	8.19e-67	231
egu1000.fasta_00376	egu1000.fasta_00375	63.0	192	22	2	642	819	12	168	2.13e-66	213
egu1000.fasta_00376	egu1000.fasta_00370	100	68	0	0	1	68	1	68	1.11e-39	135
egu1000.fasta_00377	egu1000.fasta_00377	100	63	0	0	1	63	1	63	7.56e-45	132
egu1000.fasta_00377	egu1000.fasta_00368	100	32	0	0	29	60	17	48	1.26e-17	69.3
egu1000.fasta_00378	egu1000.fasta_00378	100	589	0	0	1	589	1	589	0.0	1151
egu1000.fasta_00378	egu1000.fasta_00376	91.4	582	50	0	4	585	94	675	0.0	1092
egu1000.fasta_00378	egu1000.fasta_00380	95.2	583	28	0	3	585	92	674	0.0	1086
egu1000.fasta_00378	egu1000.fasta_00367	88.9	584	59	2	3	585	2	580	0.0	1062
egu1000.fasta_00378	egu1000.fasta_00368	90.8	513	21	2	1	512	72	559	0.0	956
egu1000.fasta_00378	egu1000.fasta_00365	32.8	509	304	13	20	518	45	525	6.38e-86	278
egu1000.fasta_00378	egu1000.fasta_00369	29.8	577	363	14	28	588	12	562	9.95e-71	237
egu1000.fasta_00378	egu1000.fasta_00371	76.0	146	35	0	440	585	1	146	8.49e-68	217
egu1000.fasta_00378	egu1000.fasta_00366	30.3	498	278	12	32	518	62	501	8.02e-67	226
egu1000.fasta_00378	egu1000.fasta_00375	95.0	20	1	0	552	571	12	31	7.97e-06	41.2
egu1000.fasta_00379	egu1000.fasta_00379	100	488	0	0	1	488	1	488	0.0	974
egu1000.fasta_00379	egu1000.fasta_00343	34.7	493	280	12	21	488	13	488	1.36e-90	280
egu1000.fasta_00379	egu1000.fasta_00341	34.3	493	286	13	21	488	24	503	2.06e-86	270
egu1000.fasta_00379	egu1000.fasta_00339	34.5	458	255	11	29	458	37	477	1.62e-78	249
egu1000.fasta_00379	egu1000.fasta_00348	32.6	494	286	13	25	486	33	511	3.31e-76	243
egu1000.fasta_00379	egu1000.fasta_00314	31.6	488	285	13	26	487	37	501	9.32e-73	234
egu1000.fasta_00379	egu1000.fasta_00347	42.2	244	132	4	248	488	25	262	2.33e-60	194
egu1000.fasta_00379	egu1000.fasta_00346	41.0	249	138	4	243	488	2	244	1.46e-59	191
egu1000.fasta_00379	egu1000.fasta_00373	42.7	192	101	3	301	488	1	187	6.85e-50	164
egu1000.fasta_00379	egu1000.fasta_00342	32.8	204	81	4	289	488	5	156	3.72e-34	121
egu1000.fasta_00379	egu1000.fasta_00381	25.2	404	238	7	64	465	1	342	3.47e-32	121
egu1000.fasta_00379	egu1000.fasta_00374	28.5	284	170	10	21	283	30	301	3.71e-24	97.4
egu1000.fasta_00380	egu1000.fasta_00380	100	818	0	0	1	818	1	818	0.0	1609
egu1000.fasta_00380	egu1000.fasta_00376	90.1	819	80	1	1	818	1	819	0.0	1498
egu1000.fasta_00380	egu1000.fasta_00367	89.1	731	72	3	91	818	1	726	0.0	1324
egu1000.fasta_00380	egu1000.fasta_00378	95.2	583	28	0	92	674	3	585	0.0	1084
egu1000.fasta_00380	egu1000.fasta_00368	87.7	569	40	6	37	601	17	559	0.0	1007
egu1000.fasta_00380	egu1000.fasta_00371	86.2	290	40	0	529	818	1	290	3.55e-172	493
egu1000.fasta_00380	egu1000.fasta_00365	28.6	669	418	16	109	747	45	683	2.14e-82	275
egu1000.fasta_00380	egu1000.fasta_00375	64.6	192	19	2	641	818	12	168	5.66e-69	220
egu1000.fasta_00380	egu1000.fasta_00369	27.7	665	413	18	121	747	16	650	1.44e-68	236
egu1000.fasta_00380	egu1000.fasta_00366	29.5	498	282	12	121	607	62	501	4.62e-62	218
egu1000.fasta_00380	egu1000.fasta_00370	88.2	68	7	1	1	67	1	68	1.63e-32	115
egu1000.fasta_00381	egu1000.fasta_00381	100	378	0	0	1	378	1	378	8.39e-280	752
egu1000.fasta_00381	egu1000.fasta_00343	41.6	435	175	8	1	363	57	484	2.80e-102	306
egu1000.fasta_00381	egu1000.fasta_00314	40.6	436	181	8	1	367	76	502	7.37e-99	298
egu1000.fasta_00381	egu1000.fasta_00339	39.2	444	187	8	1	367	72	509	6.26e-97	293
egu1000.fasta_00381	egu1000.fasta_00341	39.7	436	186	9	1	363	68	499	6.58e-95	288
egu1000.fasta_00381	egu1000.fasta_00348	37.7	440	195	9	1	363	72	509	4.00e-87	268
egu1000.fasta_00381	egu1000.fasta_00347	41.6	231	80	4	187	363	29	258	1.14e-52	171
egu1000.fasta_00381	egu1000.fasta_00373	58.9	124	49	1	242	363	60	183	3.85e-52	167
egu1000.fasta_00381	egu1000.fasta_00346	41.1	231	81	4	187	363	11	240	7.48e-52	168
egu1000.fasta_00381	egu1000.fasta_00374	41.5	234	112	5	1	216	74	300	1.67e-48	161
egu1000.fasta_00381	egu1000.fasta_00342	57.5	120	49	1	246	363	33	152	2.14e-48	156
egu1000.fasta_00381	egu1000.fasta_00345	43.0	186	84	5	1	166	66	249	1.26e-37	131
egu1000.fasta_00381	egu1000.fasta_00313	33.5	245	120	6	1	217	70	299	2.30e-33	122
egu1000.fasta_00381	egu1000.fasta_00379	26.7	397	227	9	1	335	64	458	1.15e-30	117
egu1000.fasta_00382	egu1000.fasta_00382	100	180	0	0	1	180	1	180	6.66e-128	352
egu1000.fasta_00383	egu1000.fasta_00383	100	387	0	0	1	387	1	387	5.67e-278	748
egu1000.fasta_00383	egu1000.fasta_00022	58.5	390	149	5	2	383	1	385	2.87e-150	425
egu1000.fasta_00384	egu1000.fasta_00384	100	519	0	0	1	519	1	519	0.0	1044
egu1000.fasta_00385	egu1000.fasta_00385	100	155	0	0	1	155	1	155	2.07e-103	288
egu1000.fasta_00386	egu1000.fasta_00386	100	514	0	0	1	514	1	514	0.0	1026
egu1000.fasta_00386	egu1000.fasta_00387	81.7	514	92	2	1	514	1	512	1.90e-310	841
egu1000.fasta_00386	egu1000.fasta_00122	24.2	479	294	13	71	507	59	510	2.44e-29	115
egu1000.fasta_00386	egu1000.fasta_00237	24.7	478	293	15	71	507	29	480	6.43e-29	114
egu1000.fasta_00387	egu1000.fasta_00387	100	512	0	0	1	512	1	512	0.0	1007
egu1000.fasta_00387	egu1000.fasta_00386	81.7	514	92	2	1	512	1	514	7.35e-308	835
egu1000.fasta_00387	egu1000.fasta_00237	26.0	465	279	17	89	507	45	490	1.90e-29	115
egu1000.fasta_00387	egu1000.fasta_00122	25.2	465	283	16	89	507	75	520	1.92e-28	113
egu1000.fasta_00388	egu1000.fasta_00388	100	149	0	0	1	149	1	149	1.60e-104	290
egu1000.fasta_00389	egu1000.fasta_00389	100	199	0	0	1	199	1	199	5.29e-132	363
egu1000.fasta_00390	egu1000.fasta_00390	100	548	0	0	1	548	1	548	0.0	1125
egu1000.fasta_00391	egu1000.fasta_00391	100	338	0	0	1	338	1	338	7.03e-245	660
egu1000.fasta_00391	egu1000.fasta_00042	27.8	252	136	9	74	322	99	307	6.87e-15	68.9
egu1000.fasta_00392	egu1000.fasta_00392	100	730	0	0	1	730	1	730	0.0	1464
egu1000.fasta_00392	egu1000.fasta_00179	35.9	515	323	6	165	676	85	595	5.60e-103	323
egu1000.fasta_00392	egu1000.fasta_00251	32.2	538	354	6	118	648	22	555	1.04e-97	308
egu1000.fasta_00393	egu1000.fasta_00393	100	490	0	0	1	490	1	490	0.0	943
egu1000.fasta_00393	egu1000.fasta_00498	33.7	368	226	9	127	484	74	433	1.42e-49	171
egu1000.fasta_00394	egu1000.fasta_00394	100	301	0	0	1	301	1	301	3.21e-211	572
egu1000.fasta_00395	egu1000.fasta_00395	100	467	0	0	1	467	1	467	0.0	936
egu1000.fasta_00396	egu1000.fasta_00396	100	51	0	0	1	51	1	51	1.11e-32	101
egu1000.fasta_00397	egu1000.fasta_00397	100	282	0	0	1	282	1	282	2.64e-205	556
egu1000.fasta_00398	egu1000.fasta_00398	100	294	0	0	1	294	1	294	1.47e-208	565
egu1000.fasta_00398	egu1000.fasta_00105	34.9	307	142	8	35	284	180	485	2.99e-40	141
egu1000.fasta_00398	egu1000.fasta_00152	30.7	231	126	8	67	264	73	302	5.33e-20	83.2
egu1000.fasta_00399	egu1000.fasta_00399	100	154	0	0	1	154	1	154	3.59e-108	300
egu1000.fasta_00400	egu1000.fasta_00400	100	215	0	0	1	215	1	215	4.56e-159	433
egu1000.fasta_00401	egu1000.fasta_00401	100	174	0	0	1	174	1	174	7.78e-115	318
egu1000.fasta_00402	egu1000.fasta_00402	100	360	0	0	1	360	1	360	8.80e-218	594
egu1000.fasta_00403	egu1000.fasta_00403	100	287	0	0	1	287	1	287	7.85e-205	555
egu1000.fasta_00404	egu1000.fasta_00404	100	139	0	0	1	139	1	139	2.25e-97	271
egu1000.fasta_00405	egu1000.fasta_00405	100	367	0	0	1	367	1	367	3.33e-221	603
egu1000.fasta_00405	egu1000.fasta_00407	90.8	368	31	3	1	367	1	366	2.69e-199	548
egu1000.fasta_00406	egu1000.fasta_00406	100	206	0	0	1	206	1	206	1.94e-103	292
egu1000.fasta_00407	egu1000.fasta_00407	100	366	0	0	1	366	1	366	2.77e-224	611
egu1000.fasta_00407	egu1000.fasta_00405	90.5	368	32	3	1	366	1	367	6.28e-198	544
egu1000.fasta_00408	egu1000.fasta_00408	100	979	0	0	1	979	1	979	0.0	1924
egu1000.fasta_00408	egu1000.fasta_00414	67.4	933	252	6	33	965	7	887	0.0	1232
egu1000.fasta_00408	egu1000.fasta_00411	60.6	930	237	6	33	861	36	937	0.0	1064
egu1000.fasta_00408	egu1000.fasta_00413	62.6	842	264	6	33	852	7	819	0.0	1039
egu1000.fasta_00408	egu1000.fasta_00412	62.4	852	263	8	33	862	7	823	0.0	1031
egu1000.fasta_00408	egu1000.fasta_00410	60.3	885	283	11	33	890	7	850	0.0	1003
egu1000.fasta_00408	egu1000.fasta_00409	52.3	831	190	5	43	866	1	632	6.27e-272	768
egu1000.fasta_00409	egu1000.fasta_00409	100	667	0	0	1	667	1	667	0.0	1306
egu1000.fasta_00409	egu1000.fasta_00414	58.1	826	157	4	1	651	17	828	4.57e-315	875
egu1000.fasta_00409	egu1000.fasta_00411	56.1	852	179	5	1	663	46	891	9.23e-300	837
egu1000.fasta_00409	egu1000.fasta_00412	55.4	811	165	5	1	623	17	818	4.51e-290	808
egu1000.fasta_00409	egu1000.fasta_00413	56.5	797	156	3	1	609	17	810	1.48e-287	804
egu1000.fasta_00409	egu1000.fasta_00410	54.0	847	192	6	1	659	17	853	8.50e-282	789
egu1000.fasta_00409	egu1000.fasta_00408	52.3	831	190	5	1	632	43	866	3.85e-278	784
egu1000.fasta_00410	egu1000.fasta_00410	100	862	0	0	1	862	1	862	0.0	1692
egu1000.fasta_00410	egu1000.fasta_00412	87.0	820	107	0	1	820	1	820	0.0	1407
egu1000.fasta_00410	egu1000.fasta_00411	73.0	857	222	4	2	851	31	885	0.0	1204
egu1000.fasta_00410	egu1000.fasta_00413	74.2	819	205	2	1	813	1	819	0.0	1200
egu1000.fasta_00410	egu1000.fasta_00414	72.0	826	195	6	1	819	1	797	0.0	1157
egu1000.fasta_00410	egu1000.fasta_00408	60.3	885	283	11	7	850	33	890	0.0	1009
egu1000.fasta_00410	egu1000.fasta_00409	55.3	814	167	5	17	821	1	626	1.54e-276	776
egu1000.fasta_00411	egu1000.fasta_00411	100	938	0	0	1	938	1	938	0.0	1836
egu1000.fasta_00411	egu1000.fasta_00413	85.4	821	119	1	31	851	2	821	0.0	1382
egu1000.fasta_00411	egu1000.fasta_00412	75.1	819	197	3	31	849	2	813	0.0	1215
egu1000.fasta_00411	egu1000.fasta_00410	73.3	851	218	4	31	879	2	845	0.0	1202
egu1000.fasta_00411	egu1000.fasta_00414	73.3	819	190	3	31	849	2	791	0.0	1186
egu1000.fasta_00411	egu1000.fasta_00408	59.8	955	253	7	13	937	8	861	0.0	1071
egu1000.fasta_00411	egu1000.fasta_00409	58.0	812	148	3	46	852	1	624	4.53e-295	826
egu1000.fasta_00412	egu1000.fasta_00412	100	825	0	0	1	825	1	825	0.0	1632
egu1000.fasta_00412	egu1000.fasta_00410	87.0	820	107	0	1	820	1	820	0.0	1414
egu1000.fasta_00412	egu1000.fasta_00411	75.1	819	197	3	2	813	31	849	0.0	1222
egu1000.fasta_00412	egu1000.fasta_00413	74.4	819	204	2	1	813	1	819	0.0	1221
egu1000.fasta_00412	egu1000.fasta_00414	71.1	830	204	6	1	823	1	801	0.0	1164
egu1000.fasta_00412	egu1000.fasta_00408	62.4	852	263	8	7	823	33	862	0.0	1044
egu1000.fasta_00412	egu1000.fasta_00409	55.1	816	169	5	17	823	1	628	3.67e-288	804
egu1000.fasta_00413	egu1000.fasta_00413	100	872	0	0	1	872	1	872	0.0	1728
egu1000.fasta_00413	egu1000.fasta_00411	83.8	841	135	1	2	841	31	871	0.0	1389
egu1000.fasta_00413	egu1000.fasta_00412	74.2	824	204	3	1	821	1	818	0.0	1222
egu1000.fasta_00413	egu1000.fasta_00410	71.3	867	239	4	1	863	1	861	0.0	1207
egu1000.fasta_00413	egu1000.fasta_00414	72.6	820	195	4	1	819	1	791	0.0	1191
egu1000.fasta_00413	egu1000.fasta_00408	62.8	843	261	7	7	819	33	852	0.0	1051
egu1000.fasta_00413	egu1000.fasta_00409	56.5	794	154	3	17	807	1	606	3.15e-286	801
egu1000.fasta_00414	egu1000.fasta_00414	100	897	0	0	1	897	1	897	0.0	1770
egu1000.fasta_00414	egu1000.fasta_00408	67.7	926	247	6	7	880	33	958	0.0	1233
egu1000.fasta_00414	egu1000.fasta_00413	72.6	820	195	4	1	791	1	819	0.0	1184
egu1000.fasta_00414	egu1000.fasta_00411	73.3	819	190	3	2	791	31	849	0.0	1183
egu1000.fasta_00414	egu1000.fasta_00412	71.1	830	204	6	1	801	1	823	0.0	1155
egu1000.fasta_00414	egu1000.fasta_00410	72.0	826	195	6	1	797	1	819	0.0	1154
egu1000.fasta_00414	egu1000.fasta_00409	58.2	823	155	4	17	825	1	648	2.17e-310	863
egu1000.fasta_00415	egu1000.fasta_00415	100	929	0	0	1	929	1	929	0.0	1765
egu1000.fasta_00416	egu1000.fasta_00416	100	740	0	0	1	740	1	740	0.0	1314
egu1000.fasta_00417	egu1000.fasta_00417	100	867	0	0	1	867	1	867	0.0	1732
egu1000.fasta_00417	egu1000.fasta_00419	89.4	867	90	2	1	867	1	865	0.0	1520
egu1000.fasta_00417	egu1000.fasta_00420	79.0	878	166	5	1	866	36	907	0.0	1348
egu1000.fasta_00417	egu1000.fasta_00423	89.0	727	79	1	141	867	1	726	0.0	1306
egu1000.fasta_00418	egu1000.fasta_00418	100	273	0	0	1	273	1	273	1.88e-214	578
egu1000.fasta_00418	egu1000.fasta_00424	98.9	273	3	0	1	273	1	273	1.80e-212	573
egu1000.fasta_00418	egu1000.fasta_00422	100	82	0	0	73	154	1	82	2.08e-60	181
egu1000.fasta_00419	egu1000.fasta_00419	100	865	0	0	1	865	1	865	0.0	1728
egu1000.fasta_00419	egu1000.fasta_00417	89.4	867	90	2	1	865	1	867	0.0	1522
egu1000.fasta_00419	egu1000.fasta_00420	79.8	877	161	5	1	865	36	908	0.0	1361
egu1000.fasta_00419	egu1000.fasta_00423	87.2	726	93	0	140	865	1	726	0.0	1292
egu1000.fasta_00420	egu1000.fasta_00420	100	910	0	0	1	910	1	910	0.0	1776
egu1000.fasta_00420	egu1000.fasta_00419	79.8	877	161	5	36	908	1	865	0.0	1365
egu1000.fasta_00420	egu1000.fasta_00417	79.0	879	167	5	36	908	1	867	0.0	1353
egu1000.fasta_00420	egu1000.fasta_00423	81.6	728	132	1	181	908	1	726	0.0	1214
egu1000.fasta_00421	egu1000.fasta_00421	100	55	0	0	1	55	1	55	2.13e-34	105
egu1000.fasta_00422	egu1000.fasta_00422	100	82	0	0	1	82	1	82	8.37e-64	182
egu1000.fasta_00422	egu1000.fasta_00418	100	82	0	0	1	82	73	154	3.11e-61	182
egu1000.fasta_00422	egu1000.fasta_00424	97.6	82	2	0	1	82	73	154	5.05e-60	179
egu1000.fasta_00423	egu1000.fasta_00423	100	726	0	0	1	726	1	726	0.0	1482
egu1000.fasta_00423	egu1000.fasta_00417	89.0	727	79	1	1	726	141	867	0.0	1308
egu1000.fasta_00423	egu1000.fasta_00419	87.2	726	93	0	1	726	140	865	0.0	1295
egu1000.fasta_00423	egu1000.fasta_00420	81.7	727	131	1	1	725	181	907	0.0	1213
egu1000.fasta_00424	egu1000.fasta_00424	100	273	0	0	1	273	1	273	1.61e-215	581
egu1000.fasta_00424	egu1000.fasta_00418	98.9	273	3	0	1	273	1	273	6.29e-213	574
egu1000.fasta_00424	egu1000.fasta_00422	97.6	82	2	0	73	154	1	82	1.68e-59	179
egu1000.fasta_00425	egu1000.fasta_00425	100	280	0	0	1	280	1	280	5.31e-149	413
egu1000.fasta_00426	egu1000.fasta_00426	100	448	0	0	1	448	1	448	0.0	883
egu1000.fasta_00427	egu1000.fasta_00427	100	409	0	0	1	409	1	409	1.13e-311	835
egu1000.fasta_00428	egu1000.fasta_00428	100	2550	0	0	1	2550	1	2550	0.0	4197
egu1000.fasta_00429	egu1000.fasta_00429	100	328	0	0	1	328	1	328	2.61e-235	635
egu1000.fasta_00430	egu1000.fasta_00430	100	648	0	0	1	648	1	648	0.0	1268
egu1000.fasta_00431	egu1000.fasta_00431	100	525	0	0	1	525	1	525	0.0	1003
egu1000.fasta_00432	egu1000.fasta_00432	100	134	0	0	1	134	1	134	3.22e-81	230
egu1000.fasta_00432	egu1000.fasta_00066	33.3	108	61	3	27	123	74	181	5.67e-09	47.4
egu1000.fasta_00433	egu1000.fasta_00433	100	75	0	0	1	75	1	75	6.24e-56	161
egu1000.fasta_00434	egu1000.fasta_00434	100	304	0	0	1	304	1	304	1.29e-232	627
egu1000.fasta_00435	egu1000.fasta_00435	100	264	0	0	1	264	1	264	4.89e-192	521
egu1000.fasta_00436	egu1000.fasta_00436	100	576	0	0	1	576	1	576	5.11e-260	719
egu1000.fasta_00437	egu1000.fasta_00437	100	496	0	0	1	496	1	496	4.49e-321	867
egu1000.fasta_00438	egu1000.fasta_00438	100	409	0	0	1	409	1	409	2.69e-294	791
egu1000.fasta_00439	egu1000.fasta_00439	100	303	0	0	1	303	1	303	1.56e-228	616
egu1000.fasta_00440	egu1000.fasta_00440	100	565	0	0	1	565	1	565	0.0	1051
egu1000.fasta_00441	egu1000.fasta_00441	100	954	0	0	1	954	1	954	0.0	1857
egu1000.fasta_00441	egu1000.fasta_00071	23.2	539	311	15	156	656	354	827	1.13e-26	111
egu1000.fasta_00442	egu1000.fasta_00442	100	243	0	0	1	243	1	243	2.23e-173	472
egu1000.fasta_00443	egu1000.fasta_00443	100	120	0	0	1	120	1	120	3.41e-83	234
egu1000.fasta_00444	egu1000.fasta_00444	100	469	0	0	1	469	1	469	6.75e-307	828
egu1000.fasta_00444	egu1000.fasta_00179	31.4	420	240	5	51	466	191	566	2.52e-61	205
egu1000.fasta_00444	egu1000.fasta_00477	30.9	398	228	6	67	461	159	512	1.25e-55	191
egu1000.fasta_00444	egu1000.fasta_00117	34.4	436	257	8	47	466	82	504	2.81e-55	188
egu1000.fasta_00444	egu1000.fasta_00252	37.2	427	249	5	47	467	76	489	1.51e-53	183
egu1000.fasta_00444	egu1000.fasta_00251	32.9	240	157	2	231	466	315	554	4.08e-41	149
egu1000.fasta_00445	egu1000.fasta_00445	100	187	0	0	1	187	1	187	5.66e-137	375
egu1000.fasta_00446	egu1000.fasta_00446	100	222	0	0	1	222	1	222	2.44e-171	465
egu1000.fasta_00447	egu1000.fasta_00447	100	631	0	0	1	631	1	631	0.0	1186
egu1000.fasta_00447	egu1000.fasta_00070	28.9	415	266	15	202	603	529	927	1.26e-38	147
egu1000.fasta_00447	egu1000.fasta_00324	26.0	319	216	6	282	592	176	482	8.43e-33	127
egu1000.fasta_00447	egu1000.fasta_00049	28.8	319	194	11	264	574	287	580	3.30e-30	120
egu1000.fasta_00447	egu1000.fasta_00496	30.5	226	134	6	311	518	91	311	2.28e-24	100
egu1000.fasta_00447	egu1000.fasta_00448	25.0	352	229	11	289	623	438	771	1.38e-18	84.3
egu1000.fasta_00448	egu1000.fasta_00448	100	781	0	0	1	781	1	781	0.0	1519
egu1000.fasta_00448	egu1000.fasta_00496	35.6	331	158	10	459	754	95	405	3.92e-50	177
egu1000.fasta_00448	egu1000.fasta_00324	37.4	286	162	5	459	730	197	479	1.09e-47	171
egu1000.fasta_00448	egu1000.fasta_00211	38.3	295	160	9	459	738	440	727	2.03e-46	172
egu1000.fasta_00448	egu1000.fasta_00209	37.3	303	168	8	459	746	409	704	6.90e-46	170
egu1000.fasta_00448	egu1000.fasta_00049	32.1	327	194	8	459	766	321	638	4.36e-45	166
egu1000.fasta_00448	egu1000.fasta_00070	33.5	281	173	5	459	730	638	913	1.44e-39	152
egu1000.fasta_00448	egu1000.fasta_00180	29.5	329	185	13	456	755	415	725	9.26e-31	123
egu1000.fasta_00448	egu1000.fasta_00136	30.8	286	167	10	465	740	597	861	1.33e-27	114
egu1000.fasta_00448	egu1000.fasta_00447	24.9	329	212	11	461	771	312	623	7.43e-19	85.5
egu1000.fasta_00448	egu1000.fasta_00184	28.7	254	140	12	469	701	20	253	1.41e-12	63.9
egu1000.fasta_00448	egu1000.fasta_00108	24.2	244	132	7	477	673	99	336	5.44e-08	50.4
egu1000.fasta_00449	egu1000.fasta_00449	100	326	0	0	1	326	1	326	3.09e-242	653
egu1000.fasta_00450	egu1000.fasta_00450	100	241	0	0	1	241	1	241	1.25e-178	485
egu1000.fasta_00451	egu1000.fasta_00451	100	171	0	0	1	171	1	171	1.65e-119	330
egu1000.fasta_00452	egu1000.fasta_00452	100	823	0	0	1	823	1	823	0.0	1650
egu1000.fasta_00453	egu1000.fasta_00453	100	166	0	0	1	166	1	166	4.80e-121	333
egu1000.fasta_00454	egu1000.fasta_00454	100	738	0	0	1	738	1	738	0.0	1398
egu1000.fasta_00455	egu1000.fasta_00455	100	560	0	0	1	560	1	560	0.0	1155
egu1000.fasta_00456	egu1000.fasta_00456	100	209	0	0	1	209	1	209	1.26e-153	419
egu1000.fasta_00457	egu1000.fasta_00457	100	300	0	0	1	300	1	300	1.14e-224	606
egu1000.fasta_00457	egu1000.fasta_00278	34.2	269	167	5	23	289	229	489	3.30e-38	135
egu1000.fasta_00458	egu1000.fasta_00458	100	932	0	0	1	932	1	932	0.0	1845
egu1000.fasta_00459	egu1000.fasta_00459	100	440	0	0	1	440	1	440	1.53e-242	663
egu1000.fasta_00460	egu1000.fasta_00460	100	335	0	0	1	335	1	335	4.32e-217	590
egu1000.fasta_00461	egu1000.fasta_00461	100	1896	0	0	1	1896	1	1896	0.0	3460
egu1000.fasta_00462	egu1000.fasta_00462	100	128	0	0	1	128	1	128	6.18e-92	256
egu1000.fasta_00463	egu1000.fasta_00463	100	109	0	0	1	109	1	109	1.15e-78	221
egu1000.fasta_00464	egu1000.fasta_00464	100	481	0	0	1	481	1	481	0.0	969
egu1000.fasta_00465	egu1000.fasta_00465	100	59	0	0	1	59	1	59	1.86e-41	124
egu1000.fasta_00466	egu1000.fasta_00466	100	151	0	0	1	151	1	151	6.26e-112	309
egu1000.fasta_00466	egu1000.fasta_00468	58.3	144	60	0	3	146	33	176	1.41e-59	178
egu1000.fasta_00467	egu1000.fasta_00467	100	625	0	0	1	625	1	625	0.0	1231
egu1000.fasta_00468	egu1000.fasta_00468	100	191	0	0	1	191	1	191	4.63e-138	378
egu1000.fasta_00468	egu1000.fasta_00466	58.3	144	60	0	33	176	3	146	2.54e-59	177
egu1000.fasta_00469	egu1000.fasta_00469	100	740	0	0	1	740	1	740	0.0	1444
egu1000.fasta_00470	egu1000.fasta_00470	100	516	0	0	1	516	1	516	0.0	971
egu1000.fasta_00471	egu1000.fasta_00471	100	185	0	0	1	185	1	185	1.23e-130	359
egu1000.fasta_00472	egu1000.fasta_00472	100	755	0	0	1	755	1	755	0.0	1511
egu1000.fasta_00473	egu1000.fasta_00473	100	242	0	0	1	242	1	242	1.76e-174	474
egu1000.fasta_00474	egu1000.fasta_00474	100	479	0	0	1	479	1	479	4.45e-301	815
egu1000.fasta_00475	egu1000.fasta_00475	100	258	0	0	1	258	1	258	3.70e-184	500
egu1000.fasta_00475	egu1000.fasta_00123	31.5	260	116	10	12	255	13	226	8.19e-23	88.6
egu1000.fasta_00475	egu1000.fasta_00238	29.9	157	84	5	12	153	13	158	1.55e-13	61.6
egu1000.fasta_00476	egu1000.fasta_00476	100	197	0	0	1	197	1	197	4.41e-139	381
egu1000.fasta_00477	egu1000.fasta_00477	100	649	0	0	1	649	1	649	0.0	1304
egu1000.fasta_00477	egu1000.fasta_00179	30.8	506	340	4	49	553	105	601	7.03e-87	278
egu1000.fasta_00477	egu1000.fasta_00251	30.7	462	306	4	63	518	102	555	4.08e-86	275
egu1000.fasta_00477	egu1000.fasta_00252	29.8	500	304	5	67	531	15	502	2.59e-80	259
egu1000.fasta_00477	egu1000.fasta_00444	30.9	398	228	6	159	512	67	461	1.25e-55	191
egu1000.fasta_00478	egu1000.fasta_00478	100	591	0	0	1	591	1	591	0.0	1023
egu1000.fasta_00479	egu1000.fasta_00479	100	622	0	0	1	622	1	622	0.0	1186
egu1000.fasta_00480	egu1000.fasta_00480	100	357	0	0	1	357	1	357	1.22e-275	740
egu1000.fasta_00480	egu1000.fasta_00083	36.8	318	168	13	24	317	29	337	3.82e-50	168
egu1000.fasta_00481	egu1000.fasta_00481	100	70	0	0	1	70	1	70	1.32e-48	142
egu1000.fasta_00482	egu1000.fasta_00482	100	566	0	0	1	566	1	566	0.0	1110
egu1000.fasta_00483	egu1000.fasta_00483	100	397	0	0	1	397	1	397	3.98e-299	803
egu1000.fasta_00484	egu1000.fasta_00484	100	345	0	0	1	345	1	345	2.41e-260	700
egu1000.fasta_00485	egu1000.fasta_00485	100	681	0	0	1	681	1	681	0.0	1269
egu1000.fasta_00486	egu1000.fasta_00486	100	539	0	0	1	539	1	539	0.0	1027
egu1000.fasta_00487	egu1000.fasta_00487	100	419	0	0	1	419	1	419	0.0	867
egu1000.fasta_00487	egu1000.fasta_00491	50.3	396	193	3	8	402	9	401	8.27e-144	410
egu1000.fasta_00487	egu1000.fasta_00492	47.8	387	190	5	14	396	5	383	5.42e-126	365
egu1000.fasta_00487	egu1000.fasta_00488	57.9	280	115	3	8	286	4	281	2.62e-115	333
egu1000.fasta_00487	egu1000.fasta_00490	55.1	256	112	2	1	256	1	253	4.07e-95	281
egu1000.fasta_00488	egu1000.fasta_00488	100	283	0	0	1	283	1	283	4.78e-213	575
egu1000.fasta_00488	egu1000.fasta_00490	67.7	248	78	2	4	251	8	253	3.22e-120	340
egu1000.fasta_00488	egu1000.fasta_00487	57.9	280	115	3	4	281	8	286	1.43e-114	331
egu1000.fasta_00488	egu1000.fasta_00491	55.4	276	122	1	4	278	9	284	2.60e-111	322
egu1000.fasta_00488	egu1000.fasta_00492	51.6	273	127	2	9	281	4	271	2.66e-100	294
egu1000.fasta_00489	egu1000.fasta_00489	100	103	0	0	1	103	1	103	1.28e-79	223
egu1000.fasta_00489	egu1000.fasta_00492	32.6	95	55	4	1	93	301	388	4.26e-12	55.5
egu1000.fasta_00490	egu1000.fasta_00490	100	259	0	0	1	259	1	259	3.09e-197	533
egu1000.fasta_00490	egu1000.fasta_00488	67.7	248	78	2	8	253	4	251	5.13e-121	342
egu1000.fasta_00490	egu1000.fasta_00491	56.4	250	106	2	7	253	8	257	2.41e-97	286
egu1000.fasta_00490	egu1000.fasta_00487	55.1	256	112	2	1	253	1	256	1.78e-95	281
egu1000.fasta_00490	egu1000.fasta_00492	52.9	242	111	2	12	253	3	241	3.25e-89	265
egu1000.fasta_00491	egu1000.fasta_00491	100	403	0	0	1	403	1	403	7.32e-314	840
egu1000.fasta_00491	egu1000.fasta_00487	50.3	396	193	3	9	401	8	402	9.81e-145	413
egu1000.fasta_00491	egu1000.fasta_00492	48.8	373	180	5	12	380	2	367	4.62e-123	357
egu1000.fasta_00491	egu1000.fasta_00488	56.3	277	118	2	9	284	4	278	3.23e-112	325
egu1000.fasta_00491	egu1000.fasta_00490	56.4	250	106	2	8	257	7	253	1.87e-97	286
egu1000.fasta_00492	egu1000.fasta_00492	100	390	0	0	1	390	1	390	5.25e-305	817
egu1000.fasta_00492	egu1000.fasta_00487	47.8	387	190	5	5	383	14	396	2.52e-126	365
egu1000.fasta_00492	egu1000.fasta_00491	48.8	373	180	5	2	367	12	380	4.47e-123	357
egu1000.fasta_00492	egu1000.fasta_00488	51.6	273	127	2	4	271	9	281	2.27e-101	297
egu1000.fasta_00492	egu1000.fasta_00490	52.7	243	112	2	2	241	11	253	1.22e-89	266
egu1000.fasta_00492	egu1000.fasta_00489	31.6	95	56	4	301	388	1	93	6.33e-12	56.6
egu1000.fasta_00493	egu1000.fasta_00493	100	379	0	0	1	379	1	379	5.10e-286	768
egu1000.fasta_00494	egu1000.fasta_00494	100	37	0	0	1	37	1	37	1.60e-24	79.7
egu1000.fasta_00495	egu1000.fasta_00495	100	477	0	0	1	477	1	477	0.0	971
egu1000.fasta_00496	egu1000.fasta_00496	100	436	0	0	1	436	1	436	0.0	866
egu1000.fasta_00496	egu1000.fasta_00049	38.8	289	163	6	95	382	321	596	1.38e-60	203
egu1000.fasta_00496	egu1000.fasta_00324	37.8	291	169	6	95	381	197	479	8.06e-59	195
egu1000.fasta_00496	egu1000.fasta_00209	39.9	303	159	9	95	388	409	697	1.47e-55	191
egu1000.fasta_00496	egu1000.fasta_00211	38.0	334	179	8	77	396	426	745	1.01e-54	189
egu1000.fasta_00496	egu1000.fasta_00180	36.2	301	167	7	105	389	427	718	1.84e-49	174
egu1000.fasta_00496	egu1000.fasta_00448	35.6	331	158	10	95	405	459	754	5.02e-49	173
egu1000.fasta_00496	egu1000.fasta_00070	37.6	298	165	8	104	396	647	928	9.58e-47	167
egu1000.fasta_00496	egu1000.fasta_00447	30.7	225	133	6	91	310	311	517	1.18e-24	101
egu1000.fasta_00496	egu1000.fasta_00194	27.9	244	156	8	153	387	727	959	2.97e-20	88.2
egu1000.fasta_00496	egu1000.fasta_00089	31.7	161	99	4	158	310	215	372	4.43e-20	86.7
egu1000.fasta_00497	egu1000.fasta_00497	100	369	0	0	1	369	1	369	6.32e-275	739
egu1000.fasta_00497	egu1000.fasta_00498	56.9	394	141	7	1	368	51	441	7.21e-149	423
egu1000.fasta_00498	egu1000.fasta_00498	100	443	0	0	1	443	1	443	0.0	880
egu1000.fasta_00498	egu1000.fasta_00497	56.9	394	141	7	51	441	1	368	9.28e-146	415
egu1000.fasta_00498	egu1000.fasta_00393	33.8	370	225	10	79	439	132	490	6.58e-52	177
egu1000.fasta_00499	egu1000.fasta_00499	100	425	0	0	1	425	1	425	1.27e-307	827
